station,name,maxdate,mindate,count,longitude,latitude,elevation
GHCND:USC00417079,"PLAINVIEW, TX US",2023-08-01,1908-01-01,1196,-101.7023,34.1891,1027.2
GHCND:USW00013966,"WICHITA FALLS MUNICIPAL AIRPORT, TX US",2023-07-31,1897-01-01,1195,-98.49298,33.97855,308.6
GHCND:USC00414382,"HUNTSVILLE, TX US",2023-08-01,1903-01-01,1194,-95.5421,30.7065,150.6
GHCND:USC00418274,"SHERMAN, TX US",2023-07-31,1897-05-01,1186,-96.6419,33.7033,231.6
GHCND:USC00415429,"LULING, TX US",2023-06-30,1897-01-01,1183,-97.6577,29.6755,121.9
GHCND:USC00412121,"CROSBYTON, TX US",2023-08-01,1893-01-01,1182,-101.27774,33.66078,930.2
GHCND:USC00410902,"BOERNE, TX US",2023-07-31,1893-01-01,1180,-98.7353,29.7986,440.4
GHCND:USC00415618,"MARSHALL, TX US",2023-07-30,1893-05-01,1175,-94.32883,32.48919,92.0
GHCND:USC00413873,"HALLETTSVILLE 2 N, TX US",2023-07-31,1893-01-01,1174,-96.9397,29.4705,83.8
GHCND:USC00412019,"CORSICANA, TX US",2023-08-01,1893-01-01,1174,-96.48663,32.12258,138.1
GHCND:USC00415272,"LLANO, TX US",2023-06-30,1893-01-01,1173,-98.6543,30.7426,310.9
GHCND:USC00411048,"BRENHAM, TX US",2023-07-18,1897-01-01,1172,-96.3972,30.1591,95.4
GHCND:USC00412404,"DENTON 2 SE, TX US",2023-07-05,1913-01-01,1171,-97.1049,33.1991,192.0
GHCND:USW00093987,"LUFKIN ANGELINA CO AIRPORT, TX US",2023-07-30,1906-01-01,1168,-94.75468,31.23593,87.1
GHCND:USC00412266,"DANEVANG 1 W, TX US",2023-08-01,1896-03-01,1164,-96.2319,29.0567,21.3
GHCND:USC00410493,"BALLINGER 2 NW, TX US",2023-08-01,1897-01-01,1163,-99.9763,31.7413,518.2
GHCND:USC00411875,"COLEMAN, TX US",2023-08-01,1894-03-01,1163,-99.41777,31.82795,514.2
GHCND:USC00410639,"BEEVILLE 5 NE, TX US",2023-08-01,1894-07-01,1163,-97.7061,28.4575,77.7
GHCND:USC00416108,"MOUNT PLEASANT, TX US",2023-07-28,1905-01-01,1157,-95.00972,33.16303,111.3
GHCND:USC00419532,"WEATHERFORD, TX US",2023-08-01,1902-01-01,1156,-97.77039,32.74789,293.2
GHCND:USW00023034,"SAN ANGELO MATHIS FIELD AIRPORT, TX US",2023-07-31,1907-08-01,1155,-100.4948,31.35172,582.4
GHCND:USC00411800,"CLEBURNE, TX US",2023-07-28,1907-01-01,1153,-97.4061,32.3138,238.7
GHCND:USC00414182,"HILLSBORO, TX US",2023-08-01,1903-01-01,1150,-97.1094,32.0161,167.6
GHCND:USC00417983,"SAN MARCOS, TX US",2023-07-02,1893-04-01,1148,-97.9494,29.8832,202.7
GHCND:USC00415821,"MEMPHIS, TX US",2023-08-01,1905-07-01,1147,-100.53722,34.72611,637.0
GHCND:USC00411138,"BROWNWOOD 2 NE, TX US",2023-07-31,1893-01-01,1146,-99.01417,31.72278,472.7
GHCND:USC00411956,"CONROE, TX US",2023-07-31,1897-08-01,1140,-95.4831,30.3302,74.7
GHCND:USC00410120,"ALBANY, TX US",2023-07-31,1893-01-01,1140,-99.3012,32.7047,441.4
GHCND:USC00410832,"BLANCO, TX US",2021-03-17,1896-05-01,1139,-98.4142,30.095,399.3
GHCND:USC00413183,"FLATONIA 4 SE, TX US",2020-03-03,1908-01-01,1132,-97.0645,29.634,143.3
GHCND:USC00418433,"SNYDER, TX US",2023-08-01,1911-01-01,1129,-100.9112,32.7101,706.8
GHCND:USC00415196,"LIBERTY, TX US",2020-12-31,1903-10-01,1125,-94.7949,30.0591,10.7
GHCND:USC00413992,"HASKELL, TX US",2023-07-31,1893-01-01,1122,-99.73896,33.16448,484.6
GHCND:USC00411250,"BURNET, TX US",2023-08-01,1893-01-01,1118,-98.2339,30.7587,391.7
GHCND:USW00023023,"MIDLAND INTERNATIONAL AIRPORT, TX US",2023-07-31,1930-06-01,1117,-102.20859,31.94754,872.4
GHCND:USC00416135,"MULESHOE NUMBER 1, TX US",2023-08-01,1921-08-01,1117,-102.7327,34.2192,1167.4
GHCND:USC00418201,"SEMINOLE, TX US",2023-07-01,1922-01-01,1116,-102.6596,32.7131,1016.8
GHCND:USC00416794,"PARIS, TX US",2023-08-01,1896-12-01,1115,-95.5586,33.6744,165.2
GHCND:USC00413943,"HARLINGEN, TX US",2023-08-01,1911-01-01,1114,-97.6727,26.2027,11.6
GHCND:USC00411042,"BRECKENRIDGE, TX US",2023-08-01,1898-06-01,1105,-98.9016,32.75,356.6
GHCND:USC00410923,"BONHAM 3 NNE, TX US",2023-07-31,1903-01-01,1102,-96.16683,33.64007,182.3
GHCND:USC00418415,"SMITHVILLE, TX US",2021-05-17,1917-01-01,1098,-97.1644,30.0093,96.6
GHCND:USC00410498,"BALMORHEA, TX US",2022-11-07,1923-01-01,1083,-103.7408,30.9839,970.8
GHCND:USC00412679,"EAGLE PASS 3 N, TX US",2018-07-31,1891-01-01,1077,-100.4792,28.757,247.5
GHCND:USW00023072,"CLARENDON, TX US",2017-09-30,1904-01-01,1074,-100.9126,34.9414,850.4
GHCND:USC00415013,"LAMESA 1 SSE, TX US",2020-08-03,1910-05-01,1070,-101.9456,32.7228,903.7
GHCND:USW00012918,"HOUSTON WILLIAM P HOBBY AIRPORT, TX US",2023-07-31,1930-08-01,1068,-95.28212,29.64586,13.2
GHCND:USC00413734,"GREENVILLE KGVL RADIO, TX US",2023-08-01,1900-01-01,1061,-96.0983,33.1677,166.1
GHCND:USC00412173,"CUERO, TX US",2023-07-06,1901-12-01,1060,-97.3432,29.0893,65.2
GHCND:USC00416276,"NEW BRAUNFELS, TX US",2017-12-19,1893-01-01,1057,-98.1636,29.6596,219.5
GHCND:USC00410257,"ANGLETON 2 W, TX US",2023-03-31,1895-06-01,1055,-95.4593,29.1573,8.2
GHCND:USC00417458,"RAYMONDVILLE, TX US",2023-07-31,1910-01-01,1049,-97.7848,26.4644,9.4
GHCND:USC00414705,"KAUFMAN 3 SE, TX US",2012-07-31,1900-01-01,1045,-96.2725,32.5586,128.0
GHCND:USC00416104,"MOUNT LOCKE, TX US",2023-07-31,1935-01-01,1042,-104.02317,30.67112,2069.6
GHCND:USC00411486,"CARRIZO SPRINGS 3 S, TX US",2023-07-31,1912-01-01,1041,-99.8734,28.4895,186.8
GHCND:USC00415018,"LAMPASAS, TX US",2012-11-30,1897-01-01,1037,-98.1847,31.0717,314.6
GHCND:USC00417622,"RIO GRANDE CITY, TX US",2023-08-01,1892-01-01,1037,-98.8116,26.3769,52.4
GHCND:USC00415707,"MCCAMEY, TX US",2023-08-01,1932-01-01,1035,-102.2218,31.1331,750.1
GHCND:USC00413668,"GRAHAM, TX US",2015-03-31,1897-01-01,1033,-98.56694,33.12028,328.6
GHCND:USW00093914,"PALESTINE 2 NE, TX US",2023-07-27,1930-01-01,1028,-95.6039,31.7831,141.7
GHCND:USC00419522,"WAXAHACHIE, TX US",2012-10-15,1897-01-01,1028,-96.8422,32.428,190.8
GHCND:USC00418818,"TAHOKA, TX US",2023-08-01,1913-01-01,1024,-101.80999,33.17,948.5
GHCND:USW00023044,"EL PASO INTERNATIONAL AIRPORT, TX US",2023-07-31,1938-01-01,1022,-106.37737,31.81234,1202.1
GHCND:USW00013958,"AUSTIN CAMP MABRY, TX US",2023-07-30,1938-06-01,1021,-97.7604,30.3208,204.2
GHCND:USC00415659,"MATAGORDA 2, TX US",2018-09-30,1910-07-01,1021,-95.9733,28.6835,3.0
GHCND:USC00411348,"CAMERON, TX US",2010-12-31,1908-01-01,1018,-96.97,30.8458,110.9
GHCND:USC00417743,"ROSCOE, TX US",2023-07-31,1935-06-01,1017,-100.52632,32.44807,725.4
GHCND:USC00412906,"ENCINAL, TX US",2023-08-01,1907-09-01,1013,-99.3847,27.9774,166.1
GHCND:USW00013960,"DALLAS FAA AIRPORT, TX US",2023-07-31,1939-08-01,1006,-96.83583,32.83839,147.6
GHCND:USC00412598,"DUBLIN 2 SE, TX US",2011-10-21,1897-01-01,1004,-98.3047,32.0627,447.4
GHCND:USC00411017,"BRADY, TX US",2023-06-30,1893-01-01,1003,-99.34922,31.14453,521.5
GHCND:USC00411596,"CENTERVILLE, TX US",2023-08-01,1937-05-01,1003,-95.9744,31.258,97.5
GHCND:USC00419800,"WILLS POINT, TX US",2023-08-01,1905-01-01,1000,-96.015,32.7019,158.5
GHCND:USC00414098,"HEREFORD, TX US",2023-05-31,1905-01-01,993,-102.4002,34.8172,1164.3
GHCND:USW00013959,"WACO REGIONAL AIRPORT, TX US",2023-07-31,1941-01-01,990,-97.2283,31.61796,151.9
GHCND:USC00413329,"FREDERICKSBURG, TX US",2023-06-30,1896-01-01,988,-98.9088,30.2391,513.6
GHCND:USC00419588,"WESLACO, TX US",2023-08-01,1914-02-01,987,-97.9708,26.178,22.9
GHCND:USC00417336,"QUANAH 2 SW, TX US",2013-01-01,1893-01-01,986,-99.75778,34.27611,488.3
GHCND:USC00410174,"ALPINE, TX US",2020-02-06,1900-01-01,982,-103.66,30.3763,1356.4
GHCND:USC00414137,"HICO, TX US",2010-12-31,1910-01-01,980,-98.0311,31.9844,317.9
GHCND:USC00411772,"CLARKSVILLE 2 NE, TX US",2010-12-31,1903-01-01,977,-95.0717,33.6164,132.6
GHCND:USC00415341,"LONGVIEW, TX US",2023-07-31,1902-01-01,974,-94.7172,32.4725,100.6
GHCND:USC00415891,"MIDLAND 4 ENE, TX US",2020-12-13,1894-04-01,972,-102.0257,32.0185,846.1
GHCND:USC00414093,"HENRIETTA, TX US",2010-12-31,1897-06-01,970,-98.20028,33.81278,283.5
GHCND:USC00413225,"FOLLETT, TX US",2023-08-01,1930-06-01,967,-100.1369,36.4327,844.3
GHCND:USC00413063,"FALFURRIAS, TX US",2022-11-30,1907-03-01,966,-98.1202,27.1354,42.4
GHCND:USC00415875,"MIAMI, TX US",2015-11-01,1889-01-01,965,-100.6392,35.6935,837.3
GHCND:USC00414081,"HENDERSON, TX US",2023-07-31,1908-07-01,960,-94.7967,32.18265,140.5
GHCND:USW00012935,"PALACIOS MUNICIPAL AIRPORT, TX US",2023-07-31,1943-01-01,959,-96.25353,28.7248,3.1
GHCND:USC00412458,"DILLEY, TX US",2010-12-31,1910-03-01,958,-99.18333,28.68056,167.6
GHCND:USC00415183,"LEVELLAND, TX US",2023-08-01,1926-02-01,958,-102.3758,33.5501,1071.1
GHCND:USC00417841,"RUSK, TX US",2023-06-30,1942-01-01,957,-95.1428,31.8093,211.8
GHCND:USC00414670,"JUNCTION 4 SSW, TX US",2023-08-01,1897-01-01,953,-99.8044,30.4452,532.5
GHCND:USC00411578,"CENTER, TX US",2023-08-01,1922-01-01,949,-94.25285,31.81957,115.8
GHCND:USC00413485,"GATESVILLE, TX US",2021-04-05,1900-01-01,948,-97.7019,31.4144,251.8
GHCND:USC00412715,"EASTLAND, TX US",2010-12-31,1893-01-01,945,-98.8175,32.39889,438.3
GHCND:USC00413546,"GILMER 4 WNW, TX US",2012-07-01,1929-01-01,944,-95.0497,32.7463,118.9
GHCND:USC00414517,"JACKSBORO, TX US",2023-08-01,1941-01-01,939,-98.1688,33.2065,329.5
GHCND:USW00012919,"BROWNSVILLE S PADRE ISLAND INTERNATIONAL AIRPORT, TX US",2023-07-31,1898-12-01,932,-97.42314,25.91459,5.7
GHCND:USC00417179,"PORT ISABEL, TX US",2023-07-31,1896-02-01,930,-97.30696,26.0949,3.7
GHCND:USC00415766,"MC KINNEY 3 S, TX US",2023-07-31,1903-04-01,928,-96.64194,33.23639,189.6
GHCND:USW00012921,"SAN ANTONIO INTERNATIONAL AIRPORT, TX US",2023-07-31,1946-01-01,922,-98.48395,29.54429,243.6
GHCND:USC00411063,"BRIDGEPORT, TX US",2020-04-03,1908-01-01,922,-97.7761,33.2063,234.4
GHCND:USC00410235,"ANAHUAC, TX US",2019-04-14,1909-01-01,922,-94.6343,29.7878,7.3
GHCND:USC00418566,"SPUR, TX US",2023-08-01,1911-01-01,921,-100.87611,33.47917,700.1
GHCND:USW00023040,"WINK FAA AIRPORT, TX US",2023-07-31,1938-01-01,920,-103.2017,31.78011,858.3
GHCND:USC00418728,"SUGAR LAND, TX US",2023-07-31,1893-04-01,919,-95.63583,29.61833,25.0
GHCND:USW00023042,"LUBBOCK INTERNATIONAL AIRPORT, TX US",2023-07-31,1945-08-10,918,-101.8233,33.66578,993.2
GHCND:USW00023047,"AMARILLO AIRPORT, TX US",2023-07-31,1943-03-01,918,-101.71733,35.22027,1099.3
GHCND:USC00417215,"POTEET, TX US",2023-07-31,1941-01-01,915,-98.5686,29.028,129.5
GHCND:USC00413214,"FLOYDADA, TX US",2023-08-01,1911-04-01,912,-101.3338,33.9849,981.5
GHCND:USC00418743,"SULPHUR SPRINGS, TX US",2023-08-01,1893-01-01,912,-95.6269,33.148,150.9
GHCND:USW00012917,"PORT ARTHUR SE TX REGIONAL AIRPORT, TX US",2023-07-31,1947-01-01,908,-94.02616,29.95205,3.8
GHCND:USC00415869,"MEXIA, TX US",2015-12-01,1904-08-01,908,-96.4497,31.618,153.3
GHCND:USC00418910,"TEMPLE, TX US",2010-12-31,1893-01-01,907,-97.31833,31.07806,193.5
GHCND:USC00415477,"MADISONVILLE, TX US",2023-08-01,1918-01-01,907,-95.9204,30.9392,76.8
GHCND:USW00013962,"ABILENE REGIONAL AIRPORT, TX US",2023-07-31,1946-08-01,906,-99.68208,32.41063,544.8
GHCND:USW00012924,"CORPUS CHRISTI INTERNATIONAL AIRPORT, TX US",2023-07-31,1946-08-01,906,-97.51302,27.77335,12.5
GHCND:USC00414810,"KINGSVILLE, TX US",2023-08-01,1902-01-01,905,-97.8497,27.5311,17.4
GHCND:USC00418692,"STRATFORD, TX US",2019-07-31,1911-01-01,904,-102.0776,36.4415,1098.2
GHCND:USC00415701,"MCALLEN, TX US",2023-08-01,1941-01-01,904,-98.25028,26.19222,33.5
GHCND:USC00418221,"SEYMOUR 3 NW, TX US",2023-08-01,1905-01-01,904,-99.28943,33.64187,399.6
GHCND:USC00415271,"LIVINGSTON 2 NNE, TX US",2019-03-29,1937-01-01,901,-94.9256,30.7394,54.3
GHCND:USW00023007,"CHILDRESS MUNICIPAL AIRPORT, TX US",2023-07-31,1948-01-01,898,-100.28391,34.42747,593.9
GHCND:USC00410569,"BAY CITY WATERWORKS, TX US",2023-03-31,1909-01-01,897,-95.9749,28.9798,15.8
GHCND:USC00417262,"PRESIDIO, TX US",2013-03-06,1927-01-01,895,-104.3713,29.5711,795.5
GHCND:USC00413618,"GOLIAD, TX US",2014-09-15,1912-09-01,892,-97.3851,28.6616,43.3
GHCND:USW00003969,"STEPHENVILLE 9 NNE, TX US",2023-07-31,1918-05-01,890,-98.12689,32.36074,353.9
GHCND:USC00418523,"SPEARMAN, TX US",2010-12-31,1920-01-01,889,-101.18472,36.19806,943.4
GHCND:USC00412617,"DUMAS, TX US",2022-12-15,1937-01-01,888,-101.9725,35.8731,1114.0
GHCND:USC00419175,"TULIA, TX US",2023-08-01,1948-11-01,886,-101.72382,34.55837,1051.6
GHCND:USC00419952,"YOAKUM, TX US",2023-08-01,1917-07-01,886,-97.1555,29.2738,89.9
GHCND:USC00410144,"ALICE, TX US",2010-12-31,1893-01-01,882,-98.06778,27.72833,61.3
GHCND:USC00411715,"CHISOS BASIN, TX US",2023-08-01,1943-08-01,882,-103.3003,29.2703,1615.4
GHCND:USW00093042,"DALHART FAA AIRPORT, TX US",2023-07-31,1948-01-01,881,-102.54875,36.02516,1215.5
GHCND:USC00419014,"THROCKMORTON, TX US",2010-12-31,1924-01-01,879,-99.18972,33.18056,417.6
GHCND:USC00415658,"MATADOR, TX US",2023-08-01,1947-01-01,866,-100.8117,34.025,716.6
GHCND:USW00003904,"COLLEGE STATION EASTERWOOD FIELD, TX US",2023-07-31,1951-01-01,863,-96.36309,30.5912,96.0
GHCND:USC00414254,"HONDO, TX US",2020-03-31,1899-01-01,861,-99.1386,29.3365,267.9
GHCND:USC00412114,"CROCKETT, TX US",2023-07-31,1904-01-01,861,-95.4509,31.3072,105.8
GHCND:USC00419295,"VAN HORN, TX US",2023-08-01,1939-01-01,861,-104.8372,31.0417,1239.0
GHCND:USC00411412,"CANADIAN, TX US",2010-12-31,1906-01-01,854,-100.38833,35.90917,701.0
GHCND:USC00417020,"PIERCE 1 E, TX US",2014-10-01,1904-01-01,854,-96.1816,29.2353,32.0
GHCND:USC00415579,"MARATHON, TX US",2022-12-31,1896-07-01,853,-103.2716,30.1926,1215.8
GHCND:USC00418160,"SEALY, TX US",2010-12-31,1910-01-01,853,-96.14556,29.77139,59.7
GHCND:USW00012926,"CORPUS CHRISTI NAS, TX US",2022-04-25,1945-01-01,852,-97.29158,27.68786,4.7
GHCND:USC00410984,"BOWIE, TX US",2023-07-06,1897-01-01,850,-97.8472,33.5511,329.2
GHCND:USC00418861,"TAYLOR, TX US",2010-12-31,1929-01-01,849,-97.40917,30.57,172.2
GHCND:USC00415721,"MCCOOK, TX US",2023-08-01,1941-01-01,847,-98.1236,26.565,67.1
GHCND:USC00411430,"CANYON, TX US",2023-08-01,1923-04-01,845,-101.9263,34.9805,1094.2
GHCND:USW00003927,"DAL FTW WSCMO AIRPORT, TX US",2023-07-31,1948-01-01,842,-97.02196,32.89744,165.7
GHCND:USC00419346,"VERNON, TX US",2023-08-01,1904-01-01,832,-99.32517,34.15155,368.8
GHCND:USC00415972,"MISSION 4 W, TX US",2016-03-01,1910-01-01,831,-98.4,26.21667,40.5
GHCND:USC00419330,"VEGA 2 NW, TX US",2023-07-16,1923-01-01,831,-102.4633,35.2774,1218.6
GHCND:USC00411128,"BROWNFIELD 2, TX US",2023-08-01,1953-01-01,830,-102.26806,33.19083,1005.8
GHCND:USC00413280,"FORT STOCKTON, TX US",2023-08-01,1940-05-01,823,-102.9153,30.9071,926.0
GHCND:USC00417074,"PLAINS, TX US",2023-08-01,1925-01-01,822,-102.82806,33.18694,1120.1
GHCND:USC00419491,"WASHINGTON STATE PARK, TX US",2023-01-31,1915-04-01,816,-96.1594,30.3237,65.5
GHCND:USC00410958,"BORGER, TX US",2018-02-28,1949-01-01,816,-101.40233,35.66884,930.6
GHCND:USC00417706,"ROCKSPRINGS, TX US",2023-07-29,1894-01-01,809,-100.212,30.024,726.0
GHCND:USW00012912,"VICTORIA REGIONAL AIRPORT, TX US",2023-07-31,1941-11-04,808,-96.9301,28.86245,33.7
GHCND:USC00416368,"NIXON, TX US",2023-07-27,1921-06-01,807,-97.7675,29.2827,103.6
GHCND:USW00093985,"MINERAL WELLS AIRPORT, TX US",2023-07-31,1948-01-01,806,-98.06023,32.78155,287.1
GHCND:USC00415611,"MARLIN, TX US",2023-07-19,1902-01-01,806,-96.87671,31.30511,124.1
GHCND:USC00410404,"ATHENS, TX US",2023-07-31,1903-12-01,806,-95.83,32.1633,136.6
GHCND:USW00012945,"HOUSTON WEATHER BUREAU CITY, TX US",1990-08-31,1883-04-01,805,-95.36667,29.76667,15.8
GHCND:USC00416792,"PANTHER JUNCTION, TX US",2023-08-01,1955-01-01,804,-103.2062,29.3273,1140.0
GHCND:USW00022010,"DEL RIO INTERNATIONAL AIRPORT, TX US",2023-07-31,1946-08-09,800,-100.92704,29.3784,305.7
GHCND:USW00023041,"BIG SPRING, TX US",2021-11-30,1948-01-01,800,-101.4537,32.2443,765.0
GHCND:USC00411500,"CARTHAGE, TX US",2023-08-01,1908-01-01,798,-94.3398,32.1615,93.0
GHCND:USC00410691,"BENBROOK DAM, TX US",2023-07-24,1949-06-01,794,-97.4439,32.6475,240.8
GHCND:USC00416146,"MUNDAY, TX US",2010-12-31,1912-01-01,791,-99.61583,33.45389,451.1
GHCND:USC00414278,"HORDS CREEK DAM, TX US",2023-08-01,1953-07-01,791,-99.56068,31.84555,594.1
GHCND:USC00414931,"LA TUNA 1 S, TX US",2012-09-30,1943-01-01,788,-106.5915,31.9835,1179.6
GHCND:USW00012928,"KINGSVILLE NAAS, TX US",2023-07-28,1945-01-01,784,-97.80408,27.50898,13.4
GHCND:USC00416892,"PECOS, TX US",2010-12-31,1904-01-01,778,-103.5,31.41667,795.5
GHCND:USC00418996,"THOMPSONS 3 WSW, TX US",2022-09-30,1942-01-01,773,-95.6314,29.4821,21.3
GHCND:USC00419715,"WHITNEY DAM, TX US",2023-07-27,1949-01-01,773,-97.375,31.8611,175.0
GHCND:USC00419966,"YSLETA, TX US",2009-09-30,1939-02-01,772,-106.32167,31.69528,1118.6
GHCND:USC00413340,"FREEPORT 2 NW, TX US",2023-07-31,1931-01-01,765,-95.3809,28.9845,2.4
GHCND:USC00410611,"BEAUMONT CITY, TX US",2022-10-21,1901-11-01,764,-94.0997,30.0969,6.1
GHCND:USC00410586,"BAYTOWN, TX US",2023-07-31,1946-01-01,759,-94.9908,29.9142,7.9
GHCND:USC00413691,"GRAPEVINE DAM, TX US",2023-07-19,1897-01-01,757,-97.0553,32.9506,178.3
GHCND:USW00012959,"MCALLEN MILLER INTERNATIONAL AIRPORT, TX US",2023-07-31,1961-01-01,747,-98.2445,26.17912,30.1
GHCND:USC00411007,"BRACKETTVILLE, TX US",2020-05-31,1897-01-01,738,-100.4145,29.3168,341.4
GHCND:USC00413415,"GAINESVILLE, TX US",1987-03-31,1897-01-01,737,-97.1447,33.6358,237.7
GHCND:USC00419265,"UVALDE, TX US",1985-05-31,1905-01-01,737,-99.76667,29.21667,278.0
GHCND:USC00416740,"PADUCAH 7 E, TX US",2023-08-01,1944-09-01,736,-100.18419,34.02316,527.3
GHCND:USC00416879,"PEARSALL, TX US",2023-04-30,1902-01-01,731,-99.0897,28.8888,193.5
GHCND:USC00413368,"FRIONA, TX US",2023-08-01,1927-01-01,730,-102.72288,34.63983,1226.8
GHCND:USC00417140,"POINT COMFORT, TX US",2023-08-01,1957-11-01,729,-96.5553,28.6575,6.1
GHCND:USC00412225,"DAINGERFIELD 9 S, TX US",2020-07-31,1944-10-01,728,-94.7225,32.9202,91.4
GHCND:USC00412464,"DIMMITT, TX US",2023-08-01,1959-05-01,727,-102.302,34.54422,1179.6
GHCND:USC00410394,"ASPERMONT, TX US",2023-08-01,1911-07-01,727,-100.23319,33.15251,534.6
GHCND:USC00412741,"EDEN, TX US",2023-08-01,1923-04-01,725,-99.85015,31.22102,624.2
GHCND:USC00412160,"CRYSTAL CITY, TX US",2010-12-31,1941-01-01,725,-99.8311,28.6794,176.8
GHCND:USC00413787,"GRUVER, TX US",2023-08-01,1941-01-01,722,-101.4051,36.2631,966.2
GHCND:USC00418323,"SILVERTON, TX US",2023-08-01,1925-01-01,713,-101.30218,34.47336,998.2
GHCND:USC00417327,"PUTNAM, TX US",2023-07-31,1911-01-01,712,-99.19245,32.36644,494.1
GHCND:USC00417184,"PORT MANSFIELD, TX US",2023-08-01,1958-02-01,711,-97.4263,26.5577,2.7
GHCND:USC00416074,"MORTON, TX US",2023-08-01,1935-01-01,710,-102.75866,33.7187,1147.9
GHCND:USC00416776,"PAMPA NUMBER 2, TX US",2023-08-01,1964-01-01,705,-100.9736,35.5544,960.1
GHCND:USC00413133,"FERRIS, TX US",2023-07-16,1940-01-01,704,-96.6608,32.5338,143.3
GHCND:USC00418449,"SONORA, TX US",2018-01-31,1902-01-01,703,-100.6502,30.583,651.7
GHCND:USC00415661,"MATHIS 4 SSW, TX US",2023-08-01,1964-07-01,703,-97.8725,28.0372,42.1
GHCND:USC00410613,"BEAUMONT RESRCH CTR, TX US",2023-08-01,1947-01-01,703,-94.2927,30.0688,8.2
GHCND:USC00417206,"POST, TX US",2023-08-01,1910-05-01,702,-101.37463,33.19847,792.8
GHCND:USC00411429,"CANYON DAM, TX US",2023-07-31,1961-06-01,702,-98.1959,29.8607,304.8
GHCND:USC00410225,"AMISTAD DAM, TX US",2023-07-02,1964-05-01,701,-101.0286,29.4608,352.7
GHCND:USC00415094,"LAVON DAM, TX US",2023-06-30,1949-01-01,698,-96.4861,33.0352,155.4
GHCND:USC00417633,"RISING STAR 1 S, TX US",2011-10-31,1942-02-01,697,-98.96583,32.08167,497.7
GHCND:USC00415193,"LEXINGTON, TX US",2022-06-30,1948-06-01,696,-97.0134,30.4065,128.9
GHCND:USC00415822,"MENARD, TX US",2019-05-31,1893-01-01,696,-99.78658,30.90445,603.2
GHCND:USC00419499,"WATER VALLEY, TX US",2023-08-01,1898-01-01,692,-100.72832,31.67253,644.7
GHCND:USC00413614,"GOLDTHWAITE 1 WSW, TX US",2023-07-31,1923-01-01,691,-98.5902,31.4405,459.3
GHCND:USC00415060,"LAREDO 2, TX US",2023-07-31,1946-09-01,688,-99.4982,27.5684,131.1
GHCND:USC00411974,"COPE RANCH, TX US",2023-08-01,1948-03-01,683,-101.2842,31.5333,755.9
GHCND:USC00416734,"OZONA, TX US",2013-08-14,1948-01-01,682,-101.2061,30.7169,714.8
GHCND:USC00411911,"COLUMBUS, TX US",2023-07-27,1903-01-01,681,-96.573,29.699,68.6
GHCND:USC00412394,"DENISON DAM, TX US",2016-03-01,1940-01-01,680,-96.56667,33.81667,186.8
GHCND:USC00416119,"MOUNT VERNON, TX US",2023-07-19,1966-01-01,678,-95.2236,33.1963,136.2
GHCND:USC00414570,"JAYTON, TX US",2023-07-31,1910-06-01,678,-100.57305,33.25426,612.6
GHCND:USC00415265,"LITTLEFIELD, TX US",2023-08-01,1966-01-01,678,-102.25845,33.86882,1054.3
GHCND:USC00413622,"GONZALES 2 S, TX US",2023-04-12,1915-04-01,676,-97.4481,29.4744,90.2
GHCND:USC00412820,"ELGIN 1 N, TX US",2021-08-16,1962-02-01,673,-97.36997,30.36425,181.1
GHCND:USC00415247,"LIPSCOMB, TX US",2023-04-30,1948-06-01,673,-100.2707,36.23615,728.5
GHCND:USC00419191,"TURKEY, TX US",2023-08-01,1941-01-01,673,-100.89661,34.39604,716.9
GHCND:USC00416210,"NAVARRO MILLS DAM, TX US",2023-07-31,1963-01-01,671,-96.688,31.9611,138.4
GHCND:USC00413828,"GUTHRIE, TX US",2023-08-01,1947-01-01,670,-100.33694,33.62667,536.4
GHCND:USC00419565,"WELLINGTON, TX US",2018-04-30,1912-04-01,667,-100.2102,34.8422,621.8
GHCND:USC00417782,"ROTAN, TX US",2020-08-31,1924-07-01,664,-100.46116,32.85544,608.1
GHCND:USC00417677,"ROBSTOWN, TX US",2023-08-01,1922-01-01,662,-97.662,27.7895,25.9
GHCND:USC00416644,"OLTON, TX US",2023-08-01,1928-01-01,662,-102.1351,34.17956,1100.6
GHCND:USW00012944,"GALVESTON, TX US",2011-03-31,1897-01-01,662,-94.77167,29.33333,3.0
GHCND:USC00412082,"CRANE, TX US",2023-07-29,1928-01-01,662,-102.3577,31.4072,778.5
GHCND:USC00416950,"PERRYTON, TX US",2022-09-30,1893-01-01,661,-100.8238,36.3897,896.7
GHCND:USC00411033,"BRAVO, TX US",2023-07-28,1941-01-01,659,-103.0071,35.6201,1268.0
GHCND:USC00410268,"ANSON, TX US",2023-08-01,1898-01-01,658,-99.89013,32.76678,523.3
GHCND:USC00418942,"TEXARKANA, TX US",2023-06-30,1968-10-01,655,-94.0773,33.4368,118.9
GHCND:USC00418022,"SANDERSON, TX US",2013-08-17,1897-01-01,654,-102.3917,30.1414,849.8
GHCND:USC00413060,"FALCON DAM, TX US",2023-08-01,1962-01-01,651,-99.1372,26.558,97.5
GHCND:USC00413201,"FLORESVILLE, TX US",2019-07-31,1916-01-01,651,-98.1629,29.1333,121.9
GHCND:USW00012960,"HOUSTON INTERCONTINENTAL AIRPORT, TX US",2023-07-31,1969-01-01,649,-95.36072,29.98438,27.5
GHCND:USC00417704,"ROCKPORT, TX US",2023-08-01,1959-01-01,648,-97.05654,28.0183,3.0
GHCND:USC00418446,"SOMERVILLE DAM, TX US",2023-08-01,1963-04-01,646,-96.5402,30.3368,80.2
GHCND:USC00414525,"JACKSONVILLE, TX US",2023-08-01,1953-01-01,644,-95.2736,31.9622,170.7
GHCND:USC00411810,"CLEVELAND, TX US",2018-03-31,1954-06-01,642,-95.084,30.3637,59.7
GHCND:USC00342818,"EL RENO 1 N, OK US",2010-12-31,1893-01-01,641,-97.95528,35.54889,403.9
GHCND:USC00418236,"SHAMROCK NUMBER 2, TX US",2018-09-30,1962-01-01,640,-100.2502,35.215,719.3
GHCND:USC00410482,"BAKERSFIELD, TX US",2020-05-19,1942-01-01,636,-102.3008,30.8878,776.3
GHCND:USC00412444,"DIALVILLE 2 W, TX US",2017-09-07,1897-01-01,630,-95.262,31.8613,187.8
GHCND:USC00414920,"LA PRYOR, TX US",2021-08-31,1915-01-01,630,-99.8684,28.9838,238.4
GHCND:USC00419847,"WINGATE, TX US",2023-08-01,1968-01-01,629,-100.1078,32.0444,613.3
GHCND:USC00417232,"PRADE RANCH, TX US",2023-06-30,1955-01-01,628,-99.7908,29.9167,625.4
GHCND:USC00414058,"HEBBRONVILLE, TX US",2017-04-23,1905-01-01,628,-98.6775,27.3194,176.8
GHCND:USC00416785,"PANHANDLE, TX US",2017-10-31,1911-01-01,626,-101.3897,35.3513,1055.5
GHCND:USC00419163,"TRUSCOTT 3 W, TX US",2023-07-31,1948-09-01,623,-99.86187,33.75707,478.8
GHCND:USW00093901,"DALLAS HENSLEY FIELD NAS, TX US",2010-12-31,1945-01-01,621,-96.96667,32.73333,150.0
GHCND:USC00417936,"SAM RAYBURN DAM, TX US",2023-07-31,1968-01-01,619,-94.1011,31.0619,57.6
GHCND:USC00417300,"PROCTOR RESERVOIR, TX US",2023-06-30,1963-06-01,618,-98.4941,31.9633,372.2
GHCND:USC00415048,"LANGTRY, TX US",2022-04-25,1897-07-01,618,-101.5604,29.8097,393.2
GHCND:USC00417481,"RED BLUFF DAM, TX US",2010-12-31,1939-10-01,616,-103.91833,31.895,867.8
GHCND:USC00410518,"BARDWELL DAM, TX US",2023-06-30,1965-04-01,615,-96.6369,32.263,140.5
GHCND:USC00416286,"NEW GULF, TX US",2010-12-31,1946-01-01,614,-95.895,29.26667,21.9
GHCND:USC00414982,"LAKE KEMP, TX US",2023-08-01,1962-04-01,613,-99.1442,33.7542,355.7
GHCND:USC00413341,"FREER, TX US",2023-08-01,1947-12-01,613,-98.6176,27.8722,171.3
GHCND:USW00013904,"AUSTIN BERGSTROM INTERNATIONAL AIRPORT, TX US",2023-07-31,1948-03-01,610,-97.67989,30.18311,146.5
GHCND:USC00414903,"LA GRANGE, TX US",2014-12-26,1910-01-01,610,-96.8769,29.9176,108.8
GHCND:USC00413299,"FOWLERTON, TX US",2013-09-03,1913-06-01,608,-98.8391,28.5032,91.4
GHCND:USC00413680,"GRANDFALLS 3 SSE, TX US",2015-05-11,1909-02-01,608,-102.8221,31.3027,739.1
GHCND:USC00417186,"PORT O CONNOR, TX US",2013-02-12,1948-01-01,605,-96.4277,28.4342,1.5
GHCND:USC00415757,"MC GREGOR, TX US",2013-06-26,1893-01-01,600,-97.4011,31.435,220.4
GHCND:USC00414780,"KERRVILLE, TX US",1974-07-31,1897-01-01,597,-99.15,30.05,499.9
GHCND:USC00410690,"BENAVIDES NUMBER 2, TX US",2023-08-01,1962-07-01,596,-98.4162,27.5969,115.8
GHCND:USC00416177,"NACOGDOCHES, TX US",2023-06-30,1948-06-01,595,-94.643,31.6163,132.6
GHCND:USC00419101,"TOWN BLUFF DAM, TX US",2023-08-01,1970-02-01,595,-94.1819,30.793,65.2
GHCND:USC00413266,"FORT HANCOCK 8 SSE, TX US",2023-05-31,1966-01-01,595,-105.7411,31.1846,1064.7
GHCND:USC00414605,"JOHNSON CITY 2 N, TX US",2023-07-28,1964-10-01,595,-98.40957,30.30005,346.6
GHCND:USC00416176,"NACOGDOCHES, TX US",1973-05-31,1900-01-01,595,-94.65,31.6,95.1
GHCND:USC00417669,"ROBERT LEE 4 WSW, TX US",2017-11-30,1908-01-01,593,-100.53575,31.88348,583.4
GHCND:USC00412786,"EL CAMPO, TX US",2023-07-31,1941-01-01,589,-96.2654,29.2,33.5
GHCND:USC00411663,"CHARLOTTE 5 NNW, TX US",2012-05-31,1962-01-01,586,-98.7494,28.9275,134.4
GHCND:USC00415742,"MEDINA 1 NE, TX US",2023-07-29,1966-01-01,586,-99.2498,29.8099,521.8
GHCND:USC00418186,"SEGUIN, TX US",1972-04-30,1922-01-01,585,-97.95,29.58333,156.1
GHCND:USC00418354,"SINTON, TX US",2023-05-28,1921-09-01,584,-97.56895,28.10106,25.0
GHCND:USC00416747,"PAINT ROCK, TX US",2023-06-30,1918-06-01,582,-99.93068,31.50649,504.1
GHCND:USC00411903,"COLORADO CITY, TX US",2010-12-31,1898-07-01,582,-100.85944,32.39778,643.1
GHCND:USC00414819,"KIRBYVILLE, TX US",1999-02-28,1929-01-01,582,-93.91667,30.61667,61.0
GHCND:USC00414782,"KERRVILLE 3 NNE, TX US",2023-07-31,1974-10-01,581,-99.1095,30.074,547.7
GHCND:USC00418630,"STERLING CITY, TX US",2023-07-01,1926-04-01,575,-100.97868,31.84095,701.0
GHCND:USC00410779,"BIG LAKE 2, TX US",2021-05-18,1963-01-01,571,-101.4626,31.2001,833.3
GHCND:USC00413411,"GAIL, TX US",2023-07-31,1897-01-01,568,-101.4539,32.7744,771.1
GHCND:USW00013973,"JUNCTION KIMBLE CO AIRPORT, TX US",2023-07-31,1948-01-01,566,-99.76649,30.51048,521.5
GHCND:USC00419031,"TILDEN 4 SSE, TX US",2010-12-31,1903-01-01,565,-98.5294,28.4113,105.2
GHCND:USW00012962,"HONDO MUNICIPAL AIRPORT, TX US",2023-07-31,1975-03-01,560,-99.17423,29.36013,281.0
GHCND:USC00419417,"WACO DAM, TX US",2023-07-29,1965-03-01,559,-97.2169,31.6003,150.9
GHCND:USC00411398,"CAMP WOOD, TX US",2013-07-31,1944-03-01,558,-100.0096,29.6703,451.1
GHCND:USC00418646,"STILLHOUSE HOLLOW DAM, TX US",2023-06-30,1963-01-01,553,-97.5283,31.0372,215.2
GHCND:USC00416636,"OLNEY, TX US",2011-08-14,1956-01-01,549,-98.7663,33.3733,364.2
GHCND:USW00003951,"LONGVIEW 11 SE, TX US",2023-07-31,1975-01-01,547,-94.6533,32.3466,124.1
GHCND:USC00415650,"MASON, TX US",2023-07-25,1941-11-01,541,-99.23067,30.74765,466.6
GHCND:USC00418252,"SHEFFIELD, TX US",2011-12-31,1938-01-01,540,-101.8272,30.6886,662.9
GHCND:USC00411416,"CANDELARIA, TX US",2011-07-22,1940-06-01,537,-104.6821,30.1383,876.9
GHCND:USC00413005,"EVANT 1 SSW, TX US",2010-12-31,1941-01-01,535,-98.16194,31.4625,379.5
GHCND:USC00412902,"EMORY, TX US",2012-11-03,1897-01-01,534,-95.7797,32.8711,147.5
GHCND:USC00415999,"MONAHANS, TX US",2010-12-31,1959-01-01,532,-102.91222,31.54139,776.3
GHCND:USW00012947,"COTULLA LA SALLE CO AIRPORT, TX US",2023-07-31,1949-01-01,532,-99.22275,28.45854,144.0
GHCND:USW00013911,"FORT WORTH NAS, TX US",2023-07-30,1949-01-01,527,-97.45,32.76667,185.3
GHCND:USW00012923,"GALVESTON SCHOLES FIELD, TX US",2023-07-31,1946-08-01,523,-94.86421,29.27036,1.5
GHCND:USC00411000,"BOYS RANCH, TX US",2023-07-31,1964-01-01,522,-102.2563,35.5302,972.6
GHCND:USC00417952,"SAN BENITO, TX US",1975-06-30,1920-01-01,522,-97.63333,26.13333,11.9
GHCND:USC00410313,"ARCHER CITY 2 W, TX US",2017-07-31,1910-01-01,521,-98.6544,33.59878,305.1
GHCND:USC00415596,"MARFA 2, TX US",2010-12-31,1958-12-01,521,-104.07222,30.3125,1460.0
GHCND:USC00416137,"MULESHOE NWR, TX US",2023-08-01,1980-02-01,515,-102.77833,33.95444,1140.0
GHCND:USC00418583,"STAMFORD 1, TX US",2023-07-28,1911-01-01,514,-99.80357,32.94035,491.3
GHCND:USC00416932,"PENWELL, TX US",2013-09-25,1955-01-01,514,-102.5897,31.7356,894.0
GHCND:USC00415770,"MC LEAN, TX US",2010-12-31,1907-01-01,511,-100.5923,35.236,802.2
GHCND:USC00410248,"ANDREWS, TX US",2010-12-31,1914-01-01,508,-102.55167,32.34833,972.9
GHCND:USC00417028,"PILOT POINT ISL DU BOI, TX US",2010-12-31,1916-01-01,507,-97.01222,33.36583,210.3
GHCND:USC00413047,"FAIRFIELD 3 W, TX US",2010-12-31,1941-01-01,504,-96.2078,31.7322,131.7
GHCND:USC00414950,"LAJITAS, TX US",2023-08-01,1978-01-01,500,-103.7575,29.2694,732.4
GHCND:USC00417182,"PORT LAVACA 2, TX US",1988-02-29,1901-02-01,491,-96.63333,28.61667,6.1
GHCND:USC00411492,"CARTA VALLEY, TX US",2014-02-28,1963-08-01,487,-100.6742,29.7909,564.2
GHCND:USC00413262,"FORT DAVIS, TX US",2023-07-15,1902-01-01,487,-103.887,30.5996,1482.5
GHCND:USC00419976,"ZAPATA 1 S, TX US",2014-11-22,1909-01-01,486,-99.2536,26.8705,97.5
GHCND:USC00411651,"C C BOTANICAL GARDENS, TX US",2010-12-31,1959-01-01,484,-97.3983,27.6606,4.9
GHCND:USC00415410,"LUBBOCK 9 N, TX US",2023-08-01,1911-01-01,483,-101.8219,33.6897,989.1
GHCND:USC00411524,"CASTOLON, TX US",2023-08-01,1947-01-01,483,-103.51433,29.13346,661.1
GHCND:USC00419088,"TORNILLO 2 SSE, TX US",2023-05-31,1946-09-01,477,-106.05704,31.40183,1088.1
GHCND:USC00410665,"BELTON DAM, TX US",2010-12-31,1951-08-01,473,-97.48333,31.1,202.4
GHCND:USC00419270,"VALENTINE, TX US",2023-07-14,1978-06-01,472,-104.49275,30.594,1355.4
GHCND:USC00412012,"CORNUDAS SERVICE STATION, TX US",2010-12-31,1940-06-01,472,-105.47,31.78,1365.5
GHCND:USC00411720,"CHOKE CANYON DAM, TX US",2023-08-01,1983-10-01,472,-98.2525,28.4675,70.1
GHCND:USC00413321,"FRANKLIN, TX US",2013-09-30,1962-01-01,471,-96.4888,31.0327,142.3
GHCND:USC00416780,"PANDALE 1 N, TX US",2011-09-30,1909-08-01,471,-101.5575,30.20611,514.8
GHCND:USC00419207,"TYLER, TX US",2023-07-31,1984-01-01,470,-95.3102,32.3007,154.8
GHCND:USW00013972,"TYLER POUNDS FIELD, TX US",2023-07-30,1883-04-01,469,-95.404,32.3587,159.5
GHCND:USW00012925,"BEEVILLE CHASE NAAS, TX US",2010-12-31,1945-01-01,467,-97.66667,28.36667,20.1
GHCND:USC00412585,"DRIPPING SPRINGS 6 E, TX US",2023-07-29,1984-01-01,461,-97.9879,30.2195,330.4
GHCND:USC00413507,"GEORGETOWN LAKE, TX US",2023-07-31,1981-07-01,458,-97.7208,30.6763,266.4
GHCND:USW00013961,"FORT WORTH MEACHAM FIELD, TX US",2023-07-31,1946-01-01,447,-97.36403,32.82478,213.6
GHCND:USC00411528,"CATARINA, TX US",2010-12-31,1959-01-01,445,-99.63278,28.33917,170.7
GHCND:USC00413686,"GRANGER DAM, TX US",2023-07-31,1980-07-01,443,-97.3211,30.7188,169.2
GHCND:USC00412354,"DELL CITY 5 SSW, TX US",2018-03-13,1979-01-01,443,-105.20982,31.91461,1130.2
GHCND:USC00410204,"ALVIN, TX US",2013-09-01,1898-01-01,441,-95.2337,29.3653,8.5
GHCND:USC00413972,"HART, TX US",2023-08-01,1947-01-01,441,-102.1175,34.3697,1116.5
GHCND:USC00413591,"GLEN ROSE 2 W, TX US",2010-12-31,1963-12-01,439,-97.78528,32.23417,199.6
GHCND:USC00416680,"ORANGE 9 N, TX US",2023-08-01,1986-04-01,436,-93.7394,30.2263,5.5
GHCND:USC00413884,"HAMILTON, TX US",2016-07-31,1915-08-01,434,-98.115,31.7089,348.4
GHCND:USC00417992,"SAN SABA, TX US",2010-12-31,1901-01-01,434,-98.71667,31.18333,364.2
GHCND:USC00416959,"PERSIMMON GAP, TX US",2023-08-01,1952-01-01,432,-103.1736,29.6602,873.3
GHCND:USW00012904,"HARLINGEN RIO GRANDE VALLEY INTERNATIONAL AIRPORT, TX US",2023-07-31,1952-01-01,430,-97.65565,26.2303,9.5
GHCND:USC00413420,"GAINESVILLE 5 ENE, TX US",2023-07-31,1987-05-01,429,-97.0591,33.6461,265.2
GHCND:USC00410305,"ARANSAS WILDLIFE REFUGE, TX US",2013-11-30,1971-01-01,429,-96.80472,28.30806,4.6
GHCND:USC00418305,"SIERRA BLANCA 2 E, TX US",2010-12-31,1893-01-01,429,-105.35417,31.18306,1399.0
GHCND:USC00413778,"GROVETON, TX US",2010-12-31,1923-01-01,427,-95.14611,31.19639,106.7
GHCND:USC00411778,"CLAUDE, TX US",2010-12-31,1904-10-01,422,-101.36194,35.11,1034.8
GHCND:USC00411246,"BURLESON, TX US",2023-06-30,1985-01-01,422,-97.3444,32.5066,232.3
GHCND:USC00411870,"COLDSPRING 5 SSW, TX US",2010-12-31,1954-06-01,421,-95.15,30.53333,108.2
GHCND:USR0000TGUA,"GUADELUPE PEAK TEXAS, TX US",2023-08-01,1985-07-01,412,-104.8253,31.925,2363.7
GHCND:USC00415228,"LINDALE 5 SE, TX US",1965-06-30,1931-01-01,411,-95.36667,32.45,167.9
GHCND:USC00413445,"GARDEN CITY, TX US",2013-10-01,1912-10-01,410,-101.4814,31.8667,809.2
GHCND:USC00419916,"WRIGHT PATMAN DM AND LK, TX US",2023-08-01,1974-08-01,410,-94.1584,33.3038,86.0
GHCND:USC00414976,"LAKE FORK RESERVOIR, TX US",2023-08-01,1989-01-01,406,-95.5278,32.8228,127.1
GHCND:USC00417497,"RED ROCK, TX US",2010-12-31,1965-05-01,403,-97.45,29.96667,158.5
GHCND:USC00411888,"COLLEGE STATION 6 SW, TX US",1984-05-31,1882-01-01,397,-96.41667,30.53333,53.3
GHCND:USC00414693,"KARNACK, TX US",2010-12-31,1942-01-01,393,-94.178,32.6663,77.7
GHCND:USC00415836,"MERCEDES 6 SSE, TX US",2013-05-14,1914-01-01,391,-97.8997,26.0619,22.9
GHCND:USC00412408,"DENVER CITY, TX US",2023-08-01,1986-05-01,389,-102.8264,32.96944,1091.2
GHCND:USC00414333,"HOUSTON NATIONAL WEATHER SERVICE OFFICE, TX US",2023-07-31,1990-12-01,389,-95.0832,29.4718,5.8
GHCND:USC00419480,"WARREN 2 S, TX US",2016-03-01,1935-01-01,388,-94.4,30.58333,33.5
GHCND:USC00415956,"MINEOLA 8 ENE, TX US",2010-12-31,1966-09-01,383,-95.36667,32.71667,117.3
GHCND:USC00414792,"KILLEEN, TX US",2023-07-31,1978-10-01,379,-97.6919,31.0658,248.4
GHCND:USC00412014,"CORPUS CHRISTI, TX US",1980-08-31,1946-12-01,378,-97.4,27.8,3.0
GHCND:USC00417111,"PLEASANTON, TX US",2023-08-01,1948-01-01,374,-98.4772,28.9605,109.1
GHCND:USC00419559,"WELDER W LIFE FOUNDATION, TX US",2023-08-01,1964-10-01,370,-97.4177,28.1136,15.2
GHCND:USC00414577,"JEFFERSON, TX US",2023-08-01,1903-11-01,369,-94.3591,32.7692,64.3
GHCND:USC00417170,"PORT ARANSAS, TX US",2023-08-01,1986-01-01,364,-97.075,27.81391,2.4
GHCND:USC00415454,"LYTLE 3 W, TX US",2010-12-31,1976-12-01,364,-98.8433,29.2358,220.1
GHCND:USC00414770,"KENT 8 SE, TX US",2023-08-01,1988-04-01,364,-104.1108,31.0157,1402.7
GHCND:USC00410805,"BISHOP, TX US",2012-04-01,1934-01-01,364,-97.80306,27.58417,20.4
GHCND:USC00412239,"DALHART EXPERIMENTAL STATION, TX US",1953-12-31,1905-11-01,359,-102.58333,36.01667,1220.1
GHCND:USC00410950,"BOQUILLAS RANGER STATION, TX US",2010-12-31,1910-06-01,356,-102.96222,29.18528,566.3
GHCND:USC00418040,"SANFORD DAM, TX US",2023-08-01,1993-10-01,356,-101.5492,35.7048,894.9
GHCND:USC00418059,"SANTA ROSA 3 WNW, TX US",2023-08-01,1987-03-01,350,-97.8713,26.2655,15.2
GHCND:USC00419068,"TOLEDO BEND DAM, TX US",2010-12-31,1975-07-01,349,-93.56528,31.175,57.9
GHCND:USC00414980,"LAKE TAWAKONI, TX US",2023-07-31,1994-02-01,349,-95.8863,32.8522,136.6
GHCND:USC00414967,"LAKE ALAN HENRY, TX US",2023-08-01,1994-05-01,349,-101.04887,33.06408,695.6
GHCND:USW00012932,"ALICE INTERNATIONAL AIRPORT, TX US",2023-07-31,1948-01-01,348,-98.02507,27.74131,52.0
GHCND:USC00419214,"TYLER 5 NE, TX US",1984-01-31,1955-01-01,348,-95.26667,32.4,149.0
GHCND:USC00413285,"FORT WORTH WSFO, TX US",2023-07-31,1948-08-01,346,-97.2981,32.8342,196.3
GHCND:USC00410437,"ARANSAS WILDLIFE REFUGE, TX US",1970-12-31,1940-01-01,337,-96.80472,28.30806,4.6
GHCND:USC00412352,"DEKALB, TX US",2017-03-24,1944-02-01,336,-94.6175,33.4797,103.9
GHCND:USC00418721,"SONORA EXPERIMENT ST, TX US",1952-12-31,1922-01-01,336,-100.56667,30.26667,762.9
GHCND:USW00012911,"RANDOLPH AFB, TX US",2023-07-31,1948-06-01,324,-98.2623,29.5325,221.9
GHCND:USR0000TBRA,"BRAZORIA NWR TEXAS, TX US",2023-08-01,1994-06-01,324,-95.2917,29.1417,3.0
GHCND:USW00003991,"DENTON MUNICPAL AIRPORT, TX US",2023-07-31,1996-07-01,323,-97.19922,33.20883,194.6
GHCND:USW00012909,"SAN ANTONIO KELLY FIELD AFB, TX US",2023-07-31,1949-01-01,323,-98.58333,29.38333,207.9
GHCND:USW00012971,"NEW BRAUNFELS MUNICIPAL AIRPORT, TX US",2023-07-31,1996-07-01,322,-98.04585,29.70887,197.6
GHCND:USC00418845,"TARPLEY 3 S, TX US",2021-08-08,1937-01-01,321,-99.2801,29.6075,397.8
GHCND:USW00023091,"FORT STOCKTON PECOS CO AIRPORT, TX US",2023-07-31,1996-07-01,321,-102.91714,30.91193,917.6
GHCND:USC00417529,"REFUGIO, TX US",1984-11-30,1948-01-01,319,-97.28333,28.3,14.9
GHCND:USC00414752,"KENEDY, TX US",1977-04-30,1948-01-01,317,-97.85,28.81667,85.0
GHCND:USW00053903,"HUNTSVILLE MUNICIPAL AIRPORT, TX US",2023-07-31,1997-02-01,317,-95.58657,30.74432,105.4
GHCND:USW00053902,"CONROE MONTGOMERY CO AIRPORT, TX US",2023-07-31,1997-01-01,316,-95.41757,30.36109,69.4
GHCND:USW00012972,"ROCKPORT ARANSAS CO AIRPORT, TX US",2023-07-31,1996-07-01,315,-97.04669,28.08366,7.5
GHCND:USW00003999,"BURNET MUNICIPAL AIRPORT, TX US",2023-07-31,1996-09-01,315,-98.23539,30.74067,386.1
GHCND:USC00414348,"HUDSPETH RIVER RANCH, TX US",2017-07-31,1988-03-01,314,-101.17721,30.00483,478.5
GHCND:USC00414696,"KARNES CITY 2 N, TX US",2010-12-31,1919-10-01,313,-97.8755,28.9069,137.2
GHCND:USW00003024,"BORGER HUTCHINSON CO AIRPORT, TX US",2023-07-31,1997-06-01,311,-101.39551,35.69502,926.8
GHCND:USC00416742,"PADUCAH 15 S, TX US",2023-08-01,1971-04-01,310,-100.298,33.8084,558.4
GHCND:USC00413506,"GEORGETOWN, TX US",1983-01-31,1896-01-01,309,-97.68333,30.63333,228.6
GHCND:USC00413192,"FLINT, TX US",1949-08-05,1906-01-01,309,-95.35,32.2,146.0
GHCND:USC00419711,"WHITE RIVER RESERVOIR, TX US",2023-08-01,1997-10-01,308,-101.09245,33.45634,734.3
GHCND:USC00413257,"FORT MCKAVETT, TX US",2023-08-01,1877-11-01,308,-100.11023,30.82728,661.1
GHCND:USW00053909,"FORT WORTH ALLIANCE AIRPORT, TX US",2023-07-31,1997-10-01,308,-97.32034,32.99434,215.6
GHCND:USC00413673,"GRANBURY 2 ENE, TX US",1975-09-30,1943-01-01,308,-97.75,32.45,220.1
GHCND:USW00012975,"HOUSTON CLOVER FIELD, TX US",2023-07-31,1997-06-01,307,-95.2423,29.51924,11.9
GHCND:USC00410337,"ARLINGTON SIX FLAGS, TX US",2020-12-13,1893-01-01,306,-97.0736,32.7572,163.4
GHCND:USC00411694,"CHILDRESS 2, TX US",2023-07-31,1997-01-01,306,-100.21862,34.43856,585.5
GHCND:USW00053907,"ARLINGTON MUNICIPAL AIRPORT, TX US",2023-07-31,1997-08-01,305,-97.09509,32.65832,179.7
GHCND:USW00053911,"TERRELL MUNICIPAL AIRPORT, TX US",2023-07-31,1998-01-01,305,-96.26878,32.71311,143.0
GHCND:USW00003971,"DALLAS REDBIRD AIRPORT, TX US",2023-07-31,1998-01-01,305,-96.86771,32.67816,200.4
GHCND:USC00411094,"BRONSON, TX US",1979-12-31,1924-07-01,305,-94.01667,31.35,98.1
GHCND:USW00053910,"HOUSTON HOOKS MEMORIAL AIRPORT, TX US",2023-07-31,1998-01-01,304,-95.55628,30.06801,46.8
GHCND:USC00412590,"DRYDEN, TX US",2010-12-31,1966-06-01,304,-102.11667,30.05,667.5
GHCND:USW00053912,"CORSICANA CAMPBELL FIELD, TX US",2023-07-31,1998-01-01,302,-96.39936,32.03155,135.0
GHCND:USC00417205,"POSSUM KINGDOM DAM, TX US",1975-04-30,1939-01-01,301,-98.43333,32.86667,274.9
GHCND:USW00003901,"LONGVIEW E TX REGIONAL AIRPORT, TX US",2023-07-31,1991-02-07,300,-94.71396,32.39094,107.3
GHCND:USW00053914,"MCKINNEY MUNICIPAL AIRPORT, TX US",2023-07-31,1998-04-01,300,-96.58988,33.18286,173.3
GHCND:USW00012970,"SAN ANTONIO STINSON MUNICIPAL AIRPORT, TX US",2023-07-31,1998-05-01,299,-98.47198,29.33896,173.1
GHCND:USC00413277,"FORT STOCKTON 1, TX US",1948-12-31,1897-01-01,299,-102.88333,30.88333,929.9
GHCND:USR0000TCED,"CEDAR TEXAS, TX US",2023-08-01,1997-10-01,297,-101.5667,35.6667,930.2
GHCND:USC00414974,"LAKE COLORADO CITY, TX US",2010-12-31,1954-11-01,294,-100.91667,32.33333,640.1
GHCND:USW00012976,"ANGLETON LAKE JACKSON BRAZORIA CO AIRPORT, TX US",2023-07-31,1998-05-01,294,-95.46323,29.11536,7.7
GHCND:USC00415398,"LOVELADY, TX US",1986-10-31,1948-06-01,290,-95.45,31.13333,92.0
GHCND:USW00003031,"ODESSA SCHLEMEYER FIELD, TX US",2023-07-31,1998-12-01,288,-102.38743,31.925,909.3
GHCND:USW00023053,"PAMPA, TX US",1964-01-31,1908-04-01,286,-100.96667,35.53333,985.1
GHCND:USC00411337,"CALLIHAM, TX US",2023-08-01,1978-11-01,285,-98.3539,28.4657,66.4
GHCND:USC00414852,"KNOX CITY, TX US",1965-11-30,1935-01-01,284,-99.81667,33.41667,467.0
GHCND:USW00003032,"DRYDEN TERRELL CO AIRPORT, TX US",2023-07-31,1999-06-01,283,-102.21266,30.048172,701.0
GHCND:USW00012957,"PORT ISABEL CAMERON CO AIRPORT, TX US",2023-07-31,1998-09-01,283,-97.33781,26.15966,5.1
GHCND:USR0000TLUF,"LUFKIN TEXAS, TX US",2023-08-01,1995-01-01,282,-94.8261,31.3131,74.7
GHCND:USC00414471,"IOWA PARK EXPERIMENTAL STATION, TX US",1964-02-29,1940-01-01,280,-98.65,33.91667,299.0
GHCND:USC00417081,"PLAINVIEW WATER PRODUCTION, TX US",2023-08-01,2000-04-01,279,-101.746,34.1981,1051.6
GHCND:USR0000TCON,"CONROE TEXAS, TX US",2023-08-01,1995-01-01,279,-95.4828,30.2364,36.6
GHCND:USC00413877,"HALLSVILLE 4 S, TX US",2023-08-01,1998-01-01,278,-94.59554,32.44771,98.1
GHCND:USC00416664,"ORANGE, TX US",2018-08-31,1897-01-01,278,-93.7416,30.0858,3.0
GHCND:USC00410040,"ACTON RANCH, TX US",2023-07-02,1992-01-01,277,-101.2503,30.33696,612.6
GHCND:USC00416502,"ODESSA, TX US",2023-07-28,1950-01-01,277,-102.3592,31.8796,887.0
GHCND:USC00411649,"CHANNING 2, TX US",2010-12-31,1967-05-01,277,-102.33,35.68306,1155.2
GHCND:USR0000TSOU,"SOUTHERN ROUGH TEXAS, TX US",2023-08-01,1999-03-01,276,-94.3411,30.5403,30.5
GHCND:USR0000TLRG,"SANTA ANA NWR TEXAS, TX US",2023-08-01,1998-10-01,276,-98.1369,26.0839,27.4
GHCND:USC00410408,"ATLANTA, TX US",2023-08-01,1930-01-01,275,-94.1661,33.1244,96.0
GHCND:USC00418435,"SOCORRO, TX US",1950-10-31,1918-01-01,274,-106.28333,31.65,1115.9
GHCND:USC00419267,"UVALDE, TX US",1946-12-20,1920-01-01,274,-99.8,29.23333,284.1
GHCND:USC00417994,"SAN SABA 7 NW, TX US",2023-07-28,2000-03-01,273,-98.7588,31.2841,405.4
GHCND:USR0000TMCF,"MCFADDEN TEXAS, TX US",2023-08-01,1998-10-01,272,-94.1167,29.7,1.5
GHCND:USW00023055,"PINE SPRINGS GUADALUPE MOUNTAINS NATIONAL PARK, TX US",2023-07-31,1948-01-01,271,-104.809025,31.832739,1655.0
GHCND:USW00012977,"HOUSTON SUGARLAND MEM, TX US",2023-07-31,2000-12-01,270,-95.65748,29.61971,23.5
GHCND:USC00416499,"O C FISHER DAM, TX US",2010-12-31,1975-12-01,269,-100.49333,31.45389,598.6
GHCND:USC00417940,"O C FISHER DAM, TX US",1975-11-30,1953-07-01,269,-100.49333,31.45389,598.6
GHCND:USR0000TLBJ,"LBJ RD TEXAS, TX US",2023-08-01,2000-01-01,268,-97.3756,33.1728,317.0
GHCND:USC00417533,"REFUGIO 2 NW, TX US",2011-10-10,1985-07-01,266,-97.2947,28.3294,13.7
GHCND:USC00418761,"SUNRAY 4 SW, TX US",1984-08-31,1932-11-01,265,-101.86667,35.96667,1079.9
GHCND:USC00410012,"ABERNATHY, TX US",2023-08-01,1943-11-01,265,-101.85083,33.84105,1023.8
GHCND:USC00419367,"VICTORIA REGIONAL AIRPORT, TX US",2023-07-31,1999-04-01,265,-96.9214,28.8439,31.7
GHCND:USW00013923,"PERRIN AFB, TX US",1970-12-31,1949-01-01,264,-96.66667,33.71667,232.9
GHCND:USC00415435,"LUMBERTON, TX US",2023-08-01,1995-11-01,264,-94.1786,30.2502,11.9
GHCND:USR0000TCHI,"CHISOS BASIN TEXAS, TX US",2023-08-01,2000-06-01,264,-103.3,29.2667,1645.9
GHCND:USC00417426,"RANGER 1 W, TX US",1975-10-31,1940-01-01,263,-98.7,32.46667,470.0
GHCND:USR0000TBEL,"BALCONES TEXAS, TX US",2023-08-01,2000-05-01,263,-98.0389,30.5661,315.5
GHCND:USC00418862,"TAYLOR 1 NW, TX US",2023-08-01,2000-01-01,262,-97.4156,30.5844,174.0
GHCND:USR0000TMAA,"MATADOR W.M.A. TEXAS, TX US",2023-08-01,2000-11-01,259,-100.4167,34.1333,579.1
GHCND:USR0000TLGR,"LA GRANGE TEXAS, TX US",2023-08-01,2000-11-01,258,-96.86,29.9075,47.2
GHCND:USR0000THUN,"HUNTSVILLE TEXAS, TX US",2023-08-01,2000-12-01,258,-95.4,30.45,108.2
GHCND:USR0000TCDD,"CADDO TEXAS, TX US",2023-08-01,2000-01-01,257,-95.9219,33.7411,243.8
GHCND:USC00418169,"SAN ANTONIO SEAWORLD, TX US",2012-05-07,1988-06-01,256,-98.7027,29.4508,286.5
GHCND:USC00417947,"SAN ANTONIO INCARNATE WORD, TX US",2023-02-05,1997-05-01,256,-98.47278,29.4704,213.4
GHCND:USR0000TCOL,"COLORADO BEND TEXAS, TX US",2023-08-01,2000-11-01,256,-98.5003,31.0522,383.7
GHCND:USR0000TMID,"MIDLAND TEXAS, TX US",2023-08-01,2000-12-01,256,-102.0,32.0,854.0
GHCND:USC00417388,"RAINBOW, TX US",2023-07-31,1934-01-01,256,-97.7063,32.2619,197.5
GHCND:USR0000TWOO,"WOODVILLE TEXAS, TX US",2023-08-01,2000-12-01,255,-94.4,30.75,115.8
GHCND:USR0000TKIR,"KIRBYVILLE TEXAS, TX US",2023-08-01,2001-01-01,255,-93.8833,30.4333,91.4
GHCND:USR0000TSBS,"SABINE SOUTH TEXAS, TX US",2023-08-01,2000-01-01,255,-93.8386,31.2803,101.2
GHCND:USC00412794,"EL PASO 32 ENE, TX US",2010-12-31,1983-01-01,254,-105.96083,31.83472,1597.2
GHCND:USR0000TPIN,"PINERY TEXAS, TX US",2023-08-01,2001-05-01,253,-104.7978,31.8944,1640.1
GHCND:USR0000THEN,"HENDERSON TEXAS, TX US",2023-08-01,2000-12-01,253,-94.8,32.15,152.4
GHCND:USR0000TBIR,"BIRD TEXAS, TX US",2023-08-01,2001-05-01,252,-98.6289,30.2625,457.2
GHCND:USC00414375,"HUNT 10 W, TX US",2023-07-03,1992-01-01,252,-99.50487,30.06297,612.6
GHCND:USW00012906,"HOUSTON ELLINGTON AFB, TX US",1970-12-31,1950-01-01,251,-95.16667,29.61667,9.8
GHCND:USR0000TCLA,"CLARKSVILLE TEXAS, TX US",2023-08-01,2001-07-01,251,-95.1667,33.6189,146.3
GHCND:USC00414791,"KILLEEN, TX US",1978-08-31,1912-01-01,251,-97.7,31.11667,244.1
GHCND:USR0000THMB,"HAMBY TEXAS, TX US",2023-08-01,2000-11-01,250,-99.6167,32.5,579.1
GHCND:USC00416781,"PANDALE 11 NE, TX US",2010-12-31,1981-12-01,249,-101.45333,30.26778,507.5
GHCND:USC00417173,"PORT ARTHUR WEATHER BUREAU CITY, TX US",1967-12-31,1911-03-01,248,-93.93333,29.86667,3.0
GHCND:USR0000TRAT,"RATCLIFF TEXAS, TX US",2023-08-01,2001-11-01,248,-95.1361,31.395,91.4
GHCND:USC00417944,"SAN ANGELO WEATHER FORECAST OFFICE, TX US",2023-08-01,1947-01-01,248,-100.49432,31.37083,576.1
GHCND:USR0000TPOS,"POSSUME KINGDOM TEXAS, TX US",2023-08-01,2000-12-01,245,-98.55,32.85,281.9
GHCND:USC00419380,"VIGO PARK, TX US",2023-08-01,2003-01-01,245,-101.497,34.6521,1036.3
GHCND:USC00417431,"RANKIN, TX US",1984-10-31,1948-08-01,244,-101.9472,31.2286,797.1
GHCND:USR0000TGIL,"GILMER TEXAS, TX US",2023-08-01,2002-04-01,244,-94.9447,32.7017,152.4
GHCND:USC00411013,"BRACKETTVILLE 22 N, TX US",2022-09-30,1978-09-01,243,-100.452,29.6101,536.4
GHCND:USC00414911,"LA JOYA, TX US",2022-07-31,1995-01-01,243,-98.3233,26.3233,64.9
GHCND:USR0000TLAG,"LAGUNA ATASCOSA TEXAS, TX US",2023-08-01,2002-02-01,242,-97.3483,26.2283,7.6
GHCND:USC00415344,"LONGVIEW NUMBER 2, TX US",2023-08-01,2002-02-01,242,-94.7188,32.5183,153.6
GHCND:USC00413565,"GLADEWATER 3 WSW, TX US",1976-05-31,1946-01-01,241,-94.96,32.52694,74.4
GHCND:USR0000TGRE,"GREENVILLE TEXAS, TX US",2023-08-01,2002-04-01,241,-96.1639,33.0353,136.2
GHCND:USW00053968,"PALESTINE 6 WNW, TX US",2023-08-01,2003-05-01,240,-95.7232,31.7796,116.7
GHCND:USC00418487,"SOUTH PADRE ISLAND, TX US",2023-06-30,1992-02-01,240,-97.1034,26.0815,1.5
GHCND:USC00411880,"COLETO CREEK RESERVOIR, TX US",2023-08-01,2003-07-01,240,-97.1742,28.7156,36.0
GHCND:USW00012920,"LAREDO MUNICIPAL AIRPORT, TX US",1965-10-31,1915-04-01,239,-99.466667,27.533333,151.2
GHCND:USW00003047,"MONAHANS 6 ENE, TX US",2023-08-01,2003-05-01,238,-102.8071,31.6219,830.3
GHCND:USR0000TATT,"ATTWATER NWR TEXAS, TX US",2023-08-01,2002-01-01,238,-96.2597,29.6617,12.5
GHCND:USR0000TGEO,"GEORGE WEST TEXAS, TX US",2023-08-01,2002-05-01,238,-98.1167,28.3667,65.5
GHCND:USR0000TATH,"ATHENS TEXAS, TX US",2023-08-01,2002-07-01,237,-95.7661,32.2211,143.3
GHCND:USR0000TPAL,"PALESTINE TEXAS, TX US",2023-08-01,2002-07-01,236,-95.5717,31.7425,115.8
GHCND:USR0000TLIN,"LINN SAN MANUEL TEXAS, TX US",2023-08-01,2002-11-01,236,-98.0858,26.535,4.6
GHCND:USR0000TTEX,"TEXARKANA TEXAS, TX US",2023-08-01,2002-11-01,236,-94.0456,33.3739,61.0
GHCND:USR0000TLND,"LINDEN TEXAS, TX US",2023-08-01,2003-01-01,236,-94.8,33.0,152.4
GHCND:USR0000TMAS,"MASON TEXAS, TX US",2023-08-01,2003-01-01,235,-99.1861,30.7358,445.9
GHCND:USR0000TCAD,"CADDO LAKE TEXAS, TX US",2023-08-01,2002-05-01,235,-94.1164,32.6583,61.0
GHCND:USC00412809,"ELDORADO, TX US",2023-07-14,2003-01-01,234,-100.59957,30.86941,743.7
GHCND:USC00410764,"BIG BEND RANCH STATE PARK, TX US",2021-10-31,1995-02-01,234,-103.9582,29.4371,1261.9
GHCND:USC00411934,"CONCHO PARK IVIE RESERVOIR, TX US",2021-07-02,1998-01-01,234,-99.70829,31.55174,478.2
GHCND:USC00410013,"ABILENE 6 ESE, TX US",2023-08-01,2001-01-01,234,-99.63262,32.43176,549.2
GHCND:USR0000TBAS,"BASTROP TEXAS, TX US",2023-08-01,2003-01-01,233,-97.2564,30.1742,116.7
GHCND:USC00414326,"HOUSTON PORT, TX US",2014-03-01,1991-02-01,232,-95.28,29.7456,5.8
GHCND:USW00023080,"EL PASO, TX US",1947-12-01,1893-01-01,232,-106.5,31.78333,1131.1
GHCND:USR0000TFAL,"FALCON LAKE TEXAS, TX US",2023-08-01,2002-11-01,231,-99.1356,26.5547,66.8
GHCND:USR0000TBAR,"BARNHART TEXAS, TX US",2023-08-01,2003-01-01,231,-101.1578,30.9856,780.9
GHCND:USW00003054,"MULESHOE 19 S, TX US",2023-08-01,2004-02-01,231,-102.774,33.9557,1140.6
GHCND:USW00012987,"EDINBURG 17 NNE, TX US",2023-08-01,2004-02-01,230,-98.0633,26.5258,19.5
GHCND:USR0000TPAN,"PANTHER JUNCTION TEXAS, TX US",2023-08-01,2003-04-01,229,-103.2,29.3167,1143.0
GHCND:USR0000TCLM,"COLEMAN TEXAS, TX US",2023-08-01,2003-01-01,229,-99.6594,31.5061,442.6
GHCND:USW00003902,"ROBERT GRAY ARMY AIR FIELD, TX US",2023-07-30,1950-01-01,228,-97.83333,31.06667,309.4
GHCND:USR0000TVIC,"VICTORIA TEXAS, TX US",2023-08-01,2003-03-01,228,-96.9217,28.8461,7.0
GHCND:USR0000TMIL,"MILLER CREEK TEXAS, TX US",2023-08-01,2003-09-01,227,-99.4006,33.4136,406.9
GHCND:USC00411671,"CHEAPSIDE, TX US",2023-08-01,1948-06-01,227,-97.40607,29.30922,111.3
GHCND:USC00416205,"NATALIA, TX US",1976-08-31,1909-01-01,227,-98.85,29.2,217.0
GHCND:USC00417044,"PINE SPRINGS, TX US",2011-12-01,1939-01-01,226,-104.80778,31.89028,1704.1
GHCND:USR0000TANA,"ANAHUAC NWR TEXAS, TX US",2023-08-01,1994-06-01,226,-94.4383,29.6692,1.5
GHCND:USC00411696,"CHILDRESS 3 W, TX US",1946-12-31,1893-01-01,225,-100.25,34.43333,601.1
GHCND:USR0000TDAY,"DAYTON TEXAS, TX US",2023-08-01,2003-06-01,225,-94.9314,30.105,30.5
GHCND:USC00417921,"SALT FLAT 10 ENE, TX US",1977-12-31,1959-01-01,225,-104.9,31.78333,1186.0
GHCND:USC00416014,"MONTAGUE, TX US",1964-02-29,1943-06-01,224,-97.75,33.66667,328.9
GHCND:USC00411267,"BUSHLAND 1 WSW, TX US",2023-08-01,1948-06-01,224,-102.0797,35.1866,1164.0
GHCND:USC00412011,"CORPUS CHRISTI NWS, TX US",2023-07-31,2004-10-01,224,-97.5055,27.7793,13.4
GHCND:USC00410420,"AUSTIN, TX US",1942-07-31,1893-02-01,223,-97.73333,30.28333,180.1
GHCND:USC00412361,"DEL RIO 4 NW, TX US",2022-11-30,1996-01-01,223,-100.92742,29.4078,320.3
GHCND:USC00412125,"CROSS, TX US",2023-08-01,1997-01-01,221,-98.5547,28.5978,86.9
GHCND:USC00412013,"C C BOTANICAL GARDENS, TX US",2023-08-01,2003-10-01,221,-97.3983,27.6606,4.9
GHCND:USC00412334,"DECATUR, TX US",2022-11-30,1904-10-01,220,-97.58719,33.22184,317.0
GHCND:USC00414563,"JASPER, TX US",2023-08-01,1878-09-01,220,-94.0097,30.9152,62.5
GHCND:USC00415561,"MANSFIELD DAM, TX US",1964-03-31,1944-06-01,220,-97.91667,30.4,167.9
GHCND:USC00412818,"ELECTRA, TX US",2010-12-31,1945-04-01,220,-98.91167,34.03083,370.6
GHCND:USC00417873,"SABINAL, TX US",2023-07-20,1903-01-01,219,-99.46537,29.32787,290.2
GHCND:USC00412677,"EAGLE MOUNTAIN LAKE, TX US",2010-12-31,1978-01-01,219,-97.44972,32.86917,231.6
GHCND:USC00410996,"BOYD, TX US",1999-06-30,1946-08-01,218,-97.56389,33.08,222.5
GHCND:USC00415415,"LUFKIN 11 NW, TX US",2016-03-31,1983-01-01,218,-94.8942,31.4269,106.7
GHCND:USC00411995,"COPPER BREAKS ST PK, TX US",2010-12-31,1989-01-01,218,-99.74306,34.11222,449.6
GHCND:USC00417588,"RICHARDSON, TX US",2023-06-30,1946-01-01,218,-96.7427,32.9963,206.7
GHCND:USC00419361,"VICTORIA FIRE DEPARTMENT NUMBER 5, TX US",2021-10-06,1999-01-01,217,-97.0181,28.8608,30.8
GHCND:USR0000TCLD,"COLDSPRINGS TEXAS, TX US",2023-08-01,2001-11-01,217,-95.0867,30.3106,44.2
GHCND:USC00413289,"FORT WORTH NATURE CENTER, TX US",2023-08-01,2003-01-01,216,-97.4761,32.8472,187.5
GHCND:USC00415670,"MAURBRO, TX US",1966-01-31,1944-01-01,216,-96.46667,28.91667,9.1
GHCND:USC00414483,"LAKE TAWAKONI, TX US",2010-12-31,1975-05-01,216,-95.8863,32.8522,136.6
GHCND:USC00410926,"BONITA 7 NW, TX US",2020-11-12,1948-06-01,215,-97.7336,33.8186,298.7
GHCND:USC00417920,"SALT FLAT, TX US",2010-12-31,1978-01-01,214,-105.08044,31.7455,1134.5
GHCND:USC00415954,"MINEOLA, TX US",2023-05-01,1946-09-01,212,-95.4822,32.635,111.9
GHCND:USC00417530,"REFUGIO 3 SW, TX US",2019-08-31,1991-05-01,211,-97.3297,28.2939,16.5
GHCND:USW00012907,"LAREDO INTERNATIONAL AIRPORT, TX US",2023-07-31,1965-01-01,210,-99.46667,27.53333,150.6
GHCND:USC00415859,"MERTZON, TX US",2016-03-01,1941-01-01,210,-100.81667,31.26667,679.4
GHCND:USW00013928,"WACO JAMES CONNALLY AFB, TX US",1968-08-30,1949-01-01,209,-97.06667,31.63333,153.0
GHCND:USC00419421,"WACO, TX US",1957-12-31,1883-04-01,208,-97.06667,31.53333,116.1
GHCND:USW00003933,"FORT HOOD, TX US",2023-07-30,1960-11-01,207,-97.71667,31.13333,281.6
GHCND:USR0000TSAB,"SAN BERNARD TEXAS, TX US",2023-08-01,2002-08-01,206,-95.5678,28.8647,6.4
GHCND:USW00093928,"DALLAS WEATHER BUREAU OFFICE, TX US",1940-08-31,1913-10-01,205,-96.78333,32.76667,195.1
GHCND:USW00023005,"WEBB AFB, TX US",1970-12-31,1953-01-01,203,-101.51667,32.21667,780.9
GHCND:USC00417951,"SAN AUGUSTINE, TX US",2023-08-01,1909-01-01,202,-94.11866,31.51921,89.9
GHCND:USC00410342,"ARMSTRONG, TX US",1978-11-30,1942-08-01,201,-97.8,26.93333,7.6
GHCND:USW00023019,"BIGGS AFB, TX US",1966-04-30,1949-01-01,201,-106.38,31.84944,1203.0
GHCND:USC00419734,"WIERGATE, TX US",1943-08-31,1925-01-01,200,-93.71667,31.01667,54.9
GHCND:USC00414397,"HYATT, TX US",1953-10-31,1935-01-01,200,-94.4,30.56667,34.1
GHCND:USC00414328,"HOUSTON SAN JACINTO, TX US",2010-12-31,1954-06-01,200,-95.15,29.91667,17.7
GHCND:MXN00008023,"CORRALES U.G.R.CH., TX US",1990-05-20,1970-01-01,199,-104.3833,29.55,780.0
GHCND:USC00410206,"ALVORD 3 N, TX US",2020-10-31,1948-06-01,199,-97.7163,33.3866,307.8
GHCND:USC00418568,"TOWN BLUFF DAM, TX US",1970-01-31,1953-01-01,198,-94.1819,30.793,65.2
GHCND:USW00003072,"BRONTE 11 NNE, TX US",2023-08-01,2006-12-01,197,-100.2495,32.0408,608.7
GHCND:USW00022016,"PANTHER JUNCTION 2 N, TX US",2023-08-01,2007-02-01,195,-103.2093,29.3483,1065.0
GHCND:USC00414775,"KERMIT, TX US",2023-01-09,2004-08-01,194,-103.0889,31.8409,862.6
GHCND:USC00418561,"SPRINGTOWN, TX US",1978-03-31,1957-05-01,191,-97.66667,32.96667,264.9
GHCND:USC00412235,"DALHART 6 SW, TX US",2010-12-31,1988-01-01,189,-102.61333,36.00722,1219.2
GHCND:USC00412084,"CRANE 10 N, TX US",2023-06-30,1999-11-01,189,-102.41333,31.67278,892.1
GHCND:USC00418926,"TERLINGUA RANCH, TX US",2013-09-30,1993-01-01,187,-103.4061,29.4745,1122.3
GHCND:USC00414978,"LAKE KICKAPOO, TX US",1964-02-29,1947-11-01,187,-98.78333,33.66667,323.1
GHCND:USW00023907,"AUSTIN 33 NW, TX US",2023-08-01,2008-02-01,185,-98.0846,30.6222,414.8
GHCND:USC00410433,"AUSTIN GREAT HILLS, TX US",2023-07-31,2005-06-01,185,-97.7664,30.4144,268.2
GHCND:USC00417624,"RIO GRANDE VILLAGE, TX US",2023-08-01,2006-12-01,185,-102.9623,29.1852,566.3
GHCND:USC00419268,"UVALDE 3 SW, TX US",2010-12-31,1982-01-01,184,-99.8325,29.185,280.4
GHCND:USW00022001,"DEL RIO LAUGHLIN AFB, TX US",2023-07-31,1953-01-01,180,-100.78333,29.36667,329.8
GHCND:USC00419772,"WILLIAM HARRIS RESER, TX US",1964-04-30,1948-01-01,179,-95.55,29.25,11.9
GHCND:USC00414080,"HEMPSTEAD, TX US",1978-09-30,1903-09-01,178,-96.08333,30.1,76.5
GHCND:USC00412812,"ELDORADO 11 NW, TX US",1981-06-30,1958-12-01,177,-100.7,30.96667,759.0
GHCND:USW00023906,"PORT ARANSAS 32 NNE, TX US",2023-08-01,2007-11-01,177,-96.823,28.3045,4.6
GHCND:USC00413623,"GONZALES 2, TX US",1964-12-31,1948-11-01,177,-97.45,29.5,92.0
GHCND:USC00410955,"BORGER, TX US",1961-10-31,1944-01-01,177,-101.4,35.65,949.1
GHCND:USW00013910,"ABILENE DYESS AFB, TX US",1970-12-31,1956-01-01,176,-99.85,32.43333,545.0
GHCND:USC00418924,"TERLINGUA, TX US",2023-06-30,1948-06-01,176,-103.595,29.3485,802.5
GHCND:USW00012922,"VICTORIA, TX US",1961-06-30,1946-12-01,175,-97.08333,28.78333,35.1
GHCND:USC00413689,"GRAPELAND, TX US",1975-04-30,1935-01-01,173,-95.48333,31.48333,146.0
GHCND:USC00413033,"FABENS, TX US",1977-09-30,1939-04-01,172,-106.15,31.5,1100.9
GHCND:USC00414523,"BROADDUS 1 NE, TX US",1976-12-31,1942-07-01,172,-94.2702,31.305,74.7
GHCND:USC00419016,"THROCKMORTON 10 N, TX US",2023-07-29,2000-03-01,172,-99.2005,33.3144,425.5
GHCND:USC00413640,"GOOSE CREEK, TX US",1956-08-31,1921-10-01,171,-94.96667,29.73333,7.0
GHCND:USC00413675,"GRANBURY 5 N, TX US",2023-08-01,2004-01-01,165,-97.8069,32.5216,237.4
GHCND:USC00416733,"OZONA 22 SE, TX US",2020-08-08,2004-01-01,164,-101.0366,30.4266,646.2
GHCND:USR0000TMAT,"MATAGORDA ISLAND TEXAS, TX US",2017-08-25,2003-06-01,164,-96.8022,28.1228,11.0
GHCND:USC00410655,"BELLVILLE 6 NNE, TX US",2023-08-01,1978-11-01,163,-96.2166,30.0316,85.3
GHCND:USC00419754,"WILDWOOD, TX US",2016-07-31,1992-01-01,163,-94.4455,30.5347,61.0
GHCND:USC00410345,"ARMSTRONG 4 SE, TX US",2023-08-01,2005-04-01,163,-97.7077,26.8338,7.6
GHCND:USC00412758,"EDINBURG, TX US",2023-08-01,1889-01-01,162,-98.1575,26.298,29.3
GHCND:USC00415852,"MERKEL 12 SW, TX US",2022-02-24,2003-01-01,162,-100.12234,32.31977,685.5
GHCND:USC00419842,"WINTER HAVEN EXPERIM, TX US",1964-02-29,1947-09-01,162,-99.86667,28.63333,182.9
GHCND:USC00413979,"HARTLEY, TX US",2018-12-31,2005-07-01,159,-102.3849,35.8783,1184.8
GHCND:USC00413286,"FORT WORTH VICKERY B, TX US",1966-08-31,1953-01-01,157,-97.33333,32.73333,200.9
GHCND:USC00413000,"EVADALE, TX US",2010-12-31,1944-08-01,156,-94.08333,30.33333,10.1
GHCND:USC00413265,"FORT GRIFFIN, TX US",2023-07-31,1989-10-01,155,-99.2343,32.9263,388.6
GHCND:USC00411968,"COOPER DAM, TX US",2023-08-01,2008-07-01,155,-95.6038,33.3191,141.1
GHCND:USW00012946,"CORPUS CHRISTI CABANISS FIELD NAVAL OUTLYING FIELD, TX US",2021-09-04,1949-01-01,155,-97.43333,27.7,9.1
GHCND:USC00413954,"HARPER 3 ENE, TX US",2023-07-31,1909-01-01,154,-99.203,30.3086,643.1
GHCND:USC00415861,"MERTZON 12 NNW, TX US",2023-07-13,2008-07-01,154,-100.87806,31.43644,672.1
GHCND:USC00416273,"NEW BRAUNFELS WEATHER FORECAST OFFICE, TX US",2023-08-01,2010-09-01,153,-98.0283,29.70439,191.1
GHCND:USC00415888,"MIDKIFF, TX US",2010-12-31,1981-08-01,150,-101.83333,31.63333,823.0
GHCND:USC00410431,"AUSTIN 6 S, TX US",2019-01-31,2004-01-01,150,-97.7327,30.2247,173.7
GHCND:USC00417948,"SAN ANTONIO NURSERY, TX US",1951-09-30,1893-01-01,150,-98.46667,29.3,180.1
GHCND:USC00410176,"ALPINE 7 NW, TX US",2023-07-31,2009-01-01,149,-103.7808,30.3703,1500.2
GHCND:USW00093904,"FORT WORTH MEACHAM FIELD NAAF, TX US",2023-07-31,1945-01-01,147,-97.35,32.81667,214.9
GHCND:USC00416893,"PECOS 8 W, TX US",2019-05-31,2000-12-01,146,-103.63292,31.37812,830.3
GHCND:USC00412448,"DICKENS, TX US",1984-10-31,1964-01-01,145,-100.83333,33.61667,784.9
GHCND:USC00417680,"ROCHELLE, TX US",1935-05-31,1915-09-01,141,-99.2,31.233333,509.0
GHCND:USW00012961,"KERRVILLE MUNICIPAL AIRPORT, TX US",2023-07-31,2011-01-01,141,-99.08333,29.98333,492.9
GHCND:USC00418944,"WRIGHT PATMAN DM AND LK, TX US",1974-07-31,1955-12-01,141,-94.1584,33.3038,86.0
GHCND:USC00418081,"SARITA 7 E, TX US",2017-09-30,1899-05-01,141,-97.6955,27.2169,11.6
GHCND:USW00023017,"SAN ANGELO GOODFELLOW AFB, TX US",1958-08-28,1946-01-01,141,-100.4,31.4,573.0
GHCND:USW00012981,"BAY CITY MUNICIPAL AIRPORT, TX US",2023-07-31,2011-01-01,140,-95.86333,28.97306,13.7
GHCND:USW00053977,"GRANBURY MUNICIPAL AIRPORT, TX US",2023-07-31,2011-01-01,140,-97.81694,32.44444,237.1
GHCND:USW00053967,"GRAYSON CO AIRPORT SHERMAN DENISON, TX US",2023-07-31,2011-01-01,140,-96.67361,33.71417,228.3
GHCND:USC00413770,"GROESBECK, TX US",1975-08-31,1963-12-01,139,-96.53333,31.51667,143.0
GHCND:USW00053928,"BRENHAM MUNICIPAL AIRPORT, TX US",2023-07-31,2011-01-01,139,-96.37417,30.21889,93.9
GHCND:USW00013926,"GREENVILLE MUNICIPAL AIRPORT MAJORS FIELD, TX US",2023-07-31,2011-01-01,139,-96.06528,33.06778,163.1
GHCND:USC00411541,"CEDAR CREEK 5 S, TX US",2013-12-31,1978-04-01,138,-97.4786,30.0165,132.9
GHCND:USC00414597,"JOE POOL LAKE, TX US",2023-08-01,1984-03-01,138,-96.9747,32.6405,180.1
GHCND:USW00053964,"DECATUR MUNICIPAL AIRPORT, TX US",2023-07-31,2011-01-01,138,-97.58056,33.25444,319.1
GHCND:USW00053997,"COMANCHE CO CITY AIRPORT, TX US",2023-07-31,2011-01-01,138,-98.60028,31.91667,423.1
GHCND:USC00417358,"QUINLAN, TX US",1974-11-30,1962-01-01,137,-96.13333,32.91667,156.1
GHCND:USC00418714,"STUDY BUTTE, TX US",2010-12-31,1993-01-01,137,-103.55306,29.32861,781.2
GHCND:USC00415263,"LITTLEFIELD, TX US",1966-01-31,1916-01-01,137,-102.33333,33.91667,1086.0
GHCND:USW00012953,"WHARTON REGIONAL AIRPORT, TX US",2023-07-31,2011-01-01,137,-96.0075,29.26611,30.5
GHCND:USW00012931,"SAN ANTONIO BROOKS AFB, TX US",1960-06-22,1949-01-01,137,-98.45,29.35,182.0
GHCND:USW00093947,"FREDERICKSBURG GILLESPIE CO AIRPORT, TX US",2023-07-29,2011-01-01,137,-98.90972,30.24333,516.6
GHCND:USW00093984,"TEMPLE DRAUGHTON MIL, TX US",2023-07-31,2011-01-01,137,-97.41667,31.15,207.9
GHCND:USW00093983,"PALESTINE MUNICIPAL AIRPORT, TX US",2023-07-31,2011-01-01,137,-95.70639,31.77972,128.9
GHCND:USC00415409,"LUBBOCK WEATHER FORECAST OFFICE, TX US",2023-07-31,2012-01-01,137,-101.87611,33.52806,986.0
GHCND:USW00003056,"GAINES CO AIRPORT, TX US",2023-07-31,2011-01-01,136,-102.65444,32.67528,1010.4
GHCND:USW00053972,"HILLSBORO MUNICIPAL AIRPORT, TX US",2023-07-31,2004-08-04,136,-97.09722,32.08361,208.8
GHCND:USW00003049,"ALPINE CASPARIS MUNICIPAL AIRPORT, TX US",2023-07-31,2011-01-01,136,-103.68333,30.38333,1375.6
GHCND:USW00003044,"BIG SPRING MCMAHON WRINKLE AIRPORT, TX US",2023-07-31,2011-01-01,136,-101.52139,32.2125,784.3
GHCND:USW00053979,"GIDDINGS LEE CO AIRPORT, TX US",2023-07-31,2011-01-01,135,-96.98,30.16917,147.8
GHCND:USW00093955,"PARIS, TX US",2023-07-31,2011-01-01,135,-95.45,33.63333,166.7
GHCND:USC00414591,"JEWETT, TX US",1991-01-31,1904-01-01,135,-96.15,31.35,155.4
GHCND:USW00003058,"PECOS MUNICIPAL AIRPORT, TX US",2023-07-31,2011-01-01,135,-103.51083,31.3825,796.4
GHCND:USW00053976,"BRIDGEPORT MUNICIPAL AIRPORT, TX US",2023-07-31,2011-01-01,134,-97.82833,33.17528,259.4
GHCND:USW00012978,"FAYETTE REGIONAL AIR CENTER AIRPORT, TX US",2023-07-31,2011-01-01,134,-96.95,29.90778,98.8
GHCND:USW00003071,"MIDLAND AIRPARK, TX US",2023-07-31,2011-01-01,134,-102.10111,32.03639,854.4
GHCND:USC00415229,"LINDEN, TX US",2023-08-01,1940-06-01,134,-94.3674,33.0161,126.5
GHCND:USW00023021,"REESE AFB, TX US",1970-12-31,1950-01-01,134,-102.23333,33.58333,1014.1
GHCND:USW00093929,"GAINESVILLE MUNICIPAL AIRPORT, TX US",2023-07-31,2011-01-01,134,-97.19694,33.65139,255.7
GHCND:USW00053966,"MID WAY REGIONAL AIRPORT MIDLOTHIAN WAXAHACHIE, TX US",2023-07-31,2011-01-01,133,-96.9125,32.45611,228.3
GHCND:USW00053973,"HEARNE MUNICIPAL AIRPORT, TX US",2023-07-31,2011-01-01,132,-96.62222,30.87194,86.9
GHCND:USC00412238,"DALHART, TX US",2022-09-30,1946-01-01,132,-102.521,36.0605,1214.3
GHCND:USC00414051,"HEATH CANYON, TX US",2006-10-31,1995-04-01,131,-102.82833,29.44806,536.4
GHCND:USW00053981,"CLEBURNE MUNICIPAL AIRPORT, TX US",2023-07-31,2011-01-01,130,-97.43389,32.35389,260.3
GHCND:USW00003050,"SNYDER WINSTON FIELD AIRPORT, TX US",2023-07-31,2011-01-01,130,-100.95056,32.69333,740.7
GHCND:USW00053952,"WACO MCGREGOR EXECUTIVE AIRPORT, TX US",2023-07-31,2011-01-01,129,-97.31639,31.48472,180.4
GHCND:USC00417066,"PITTSBURG 5 SSE, TX US",2017-04-30,1949-01-01,127,-94.9392,32.9263,111.3
GHCND:USC00414202,"HOLLY LAKE RANCH, TX US",2016-08-31,2004-02-01,126,-95.1926,32.7276,150.9
GHCND:USC00417700,"ROCKLAND 2 NW, TX US",1979-06-30,1904-04-01,125,-94.4,31.01667,26.8
GHCND:USW00053965,"GRAHAM MUNICIPAL AIRPORT, TX US",2023-07-31,2011-01-01,125,-98.55528,33.11,342.3
GHCND:USC00412446,"DIANA 2 W, TX US",2023-07-27,2011-10-01,125,-94.7888,32.7056,86.6
GHCND:USC00414979,"LAKE PALO PINTO, TX US",2010-12-31,1994-01-01,124,-98.31806,32.64333,274.3
GHCND:USW00022004,"DEL RIO, TX US",2004-10-01,1946-01-01,124,-100.91667,29.36667,305.1
GHCND:USC00417730,"ROMERO, TX US",1936-04-30,1910-01-01,122,-102.91667,35.71667,1238.1
GHCND:USC00417183,"PORT LAVACA, TX US",2015-10-05,1982-02-01,121,-96.6416,28.6079,5.5
GHCND:USW00013905,"BRYAN AFB, TX US",1958-06-11,1948-01-01,121,-96.55,30.66667,84.1
GHCND:USW00023059,"SALT FLAT, TX US",1957-12-31,1946-01-01,120,-105.08333,31.75,1132.9
GHCND:USC00417981,"SAN MANUEL, TX US",2023-08-01,1948-06-01,119,-98.1202,26.565,22.9
GHCND:USC00418335,"SIMMS 4 WNW, TX US",1973-10-31,1948-06-01,118,-94.56667,33.36667,98.1
GHCND:USC00414968,"LAKE AMENT, TX US",2020-08-01,2010-01-01,118,-103.4994,29.4588,1100.0
GHCND:USC00417744,"ROSEBUD, TX US",2015-02-01,1965-01-01,117,-96.9788,31.0736,125.0
GHCND:USC00414672,"JUNO, TX US",1975-03-31,1964-10-01,116,-101.11667,30.15,548.9
GHCND:USC00296119,"NEWMAN, TX US",1933-03-31,1909-07-01,115,-106.31667,32.0,1215.8
GHCND:USC00412676,"EAGLE LAKE RES CTR, TX US",2023-06-30,2011-01-01,112,-96.366,29.6212,53.6
GHCND:USC00410436,"AUSTWELL, TX US",2023-08-01,1897-01-01,111,-96.8388,28.389,7.0
GHCND:USC00412950,"ESCOBAS, TX US",2017-09-30,2006-01-01,111,-98.9808,27.0267,125.0
GHCND:USC00414675,"JUNO 4 S, TX US",1999-05-31,1980-09-01,111,-101.11667,30.08333,554.7
GHCND:USC00412793,"EL PASO NUMBER 2, TX US",2012-01-31,2001-08-01,111,-106.37083,31.81167,1194.2
GHCND:USC00412403,"DENTON, TX US",1965-01-31,1949-01-01,108,-97.13333,33.23333,200.9
GHCND:USC00411165,"BUCHANAN DAM, TX US",1964-02-29,1943-07-01,108,-98.41667,30.75,310.9
GHCND:USC00417756,"ROSENBERG, TX US",1960-02-29,1900-09-01,108,-95.78333,29.55,34.1
GHCND:USC00419415,"WACO, TX US",2005-10-01,1995-01-01,108,-97.20722,31.54806,191.1
GHCND:USW00000209,"BOWIE MUNICIPAL AIRPORT, TX US",2023-07-31,2011-01-01,107,-97.783,33.6,336.2
GHCND:USC00415893,"WEATHER FORECAST OFFICE MIDLAND, TX US",2023-08-01,2014-07-01,107,-102.18955,31.94262,875.4
GHCND:USC00417550,"REMUDA, TX US",2011-12-10,2002-08-01,106,-97.57556,32.81361,259.1
GHCND:USW00000225,"HORSESHOE BAY RESORT AIRPORT, TX US",2023-07-31,2011-01-01,105,-98.367,30.533,333.1
GHCND:USW00000362,"GATESVILLE MUNICIPAL AIRPORT, TX US",2023-07-31,2011-01-01,105,-97.8,31.417,276.1
GHCND:USC00410244,"ANDERSON, TX US",1972-09-30,1914-01-01,102,-95.98333,30.48333,107.0
GHCND:USW00000166,"LAGO VISTA RUSTY ALLEN AIRPORT, TX US",2023-07-31,2014-01-01,101,-97.967,30.5,375.2
GHCND:USW00053983,"LLANO MUNICIPAL AIRPORT, TX US",2023-07-31,2011-01-01,101,-98.66194,30.78361,335.9
GHCND:USC00416739,"PADRE ISLAND AT CORPUS CHRISTI, TX US",2023-08-01,2005-04-01,101,-97.23047,27.59049,2.4
GHCND:USW00000130,"PLEASANTON MUNICIPAL AIRPORT, TX US",2023-07-31,2014-01-01,101,-98.517,28.95,131.1
GHCND:USC00417230,"POYNOR 1 NE, TX US",1975-10-31,1944-03-01,99,-95.58333,32.08333,161.8
GHCND:USC00410250,"ANDREWS 2, TX US",2019-01-01,2008-11-01,99,-102.5606,32.3123,980.2
GHCND:USC00416339,"NEWTON, TX US",1977-03-31,1966-01-01,99,-93.76667,30.85,57.9
GHCND:USC00418043,"SANGER, TX US",1999-07-31,1941-09-01,99,-97.17444,33.36333,205.7
GHCND:USW00012985,"GARNER FIELD AIRPORT, TX US",2023-07-31,2011-01-01,98,-99.74361,29.21139,287.1
GHCND:USC00414077,"HEMPHILL 6 NE, TX US",2011-11-05,1992-01-01,98,-93.7841,31.4072,54.9
GHCND:USC00413267,"FORT MC INTOSH, TX US",1931-12-31,1897-01-01,97,-99.51667,27.5,139.9
GHCND:USC00412792,"ELDORADO 2 SE, TX US",1989-08-31,1981-01-01,95,-100.58333,30.83333,742.2
GHCND:USC00417176,"PORT ARANSAS 11 SSW, TX US",2023-08-01,2011-08-01,94,-97.158,27.6998,1.8
GHCND:USC00412815,"ELDORADO 12 N, TX US",2008-04-30,1999-08-01,90,-100.59119,31.03698,724.5
GHCND:USC00419147,"TROUP, TX US",1931-01-31,1913-01-01,90,-95.11667,32.15,143.0
GHCND:USC00414076,"HEMPHILL, TX US",2010-12-31,1967-01-01,87,-93.83333,31.35,91.4
GHCND:USC00415114,"LEAKEY 2, TX US",1971-01-31,1963-01-01,87,-99.83333,29.7,488.0
GHCND:USC00414848,"KNICKERBOCKER, TX US",1932-03-31,1904-01-01,85,-100.633333,31.266667,624.8
GHCND:USC00417813,"RUIDOSA 7 NE, TX US",1990-06-30,1983-07-01,83,-104.58333,30.03333,1104.9
GHCND:USC00414710,"K BAR RANCH, TX US",2023-07-01,2004-01-01,79,-102.4133,31.6727,892.1
GHCND:USC00414185,"HILL S RANCH, TX US",1930-05-31,1916-03-01,78,-97.683333,30.233333,144.8
GHCND:USC00416649,"OMAHA 2 W, TX US",2004-06-30,1997-01-01,78,-94.77917,33.18361,120.4
GHCND:USC00415589,"MARFA, TX US",1954-12-31,1907-06-01,77,-103.88333,30.25,1481.0
GHCND:USC00415828,"MENTONE 2 S, TX US",1974-01-31,1943-08-01,76,-103.6,31.68333,823.9
GHCND:USC00415120,"LEES, TX US",2023-07-06,2003-01-01,76,-101.4842,32.082,685.8
GHCND:USC00414531,"JAMAICA BEACH, TX US",2008-09-01,2002-01-01,75,-94.98833,29.19667,1.2
GHCND:USC00411148,"BRUNI, TX US",2020-06-30,2012-01-01,74,-98.8358,27.4392,235.0
GHCND:USC00416271,"NEW BOSTON 3 W, TX US",1979-12-31,1973-11-01,74,-94.46667,33.46667,113.1
GHCND:USC00411034,"BRAZORIA, TX US",1929-09-30,1893-01-01,73,-95.56667,29.05,9.1
GHCND:USC00416548,"OILTON, TX US",1971-03-31,1964-11-01,72,-98.91667,27.45,244.1
GHCND:USC00412558,"DOUGLASS 1 S, TX US",2010-12-31,1983-08-01,72,-94.8997,31.648,117.3
GHCND:USC00412170,"CUERO, TX US",1953-12-31,1948-01-01,71,-97.28333,29.06667,54.9
GHCND:USW00053942,"GEORGETOWN MUNICIPAL AIRPORT, TX US",2023-07-31,2017-01-01,70,-97.67944,30.67917,239.9
GHCND:USW00000477,"ROGER M DREYER MEMORIAL AIRPORT, TX US",2023-07-29,2017-01-01,70,-97.4643,29.5291,108.2
GHCND:USW00000448,"RALPH M HALL ROCKWALL MUNICIPAL AIRPORT, TX US",2023-07-31,2016-01-01,68,-96.43548,32.93059,175.3
GHCND:USC00419845,"WINTERS 9 NNE, TX US",1968-06-30,1911-07-01,68,-99.9,32.1,601.1
GHCND:USC00416960,"PERSIMMON GAP 6 E, TX US",1985-05-31,1979-09-01,68,-103.08333,29.65,772.1
GHCND:USW00000351,"CAMERON MUNICIPAL AIRPORT, TX US",2023-07-31,2016-01-01,67,-96.971,30.879,123.1
GHCND:USC00413442,"GARCIA LAKE 12 ENE, TX US",1971-05-31,1965-01-01,67,-102.73333,34.91667,1260.0
GHCND:USW00053948,"NACOGDOCHES A L MANGHAM JR REGIONAL AIRPORT, TX US",2023-07-29,2017-01-01,66,-94.70944,31.57778,108.2
GHCND:USW00012979,"SAN MARCOS MUNICIPAL AIRPORT, TX US",2023-07-31,2017-01-01,65,-97.86444,29.89083,182.0
GHCND:USC00412768,"EDNA HIGHWAY 59 BRIDGE, TX US",2010-12-31,1968-03-01,62,-96.68333,28.96667,20.7
GHCND:USC00413922,"HAPPY, TX US",1947-11-14,1894-06-01,62,-101.85,34.73333,1104.0
GHCND:USW00012910,"SAN MARCOS GARY AFB, TX US",1956-08-15,1951-01-01,62,-97.86667,29.88333,178.0
GHCND:USW00000349,"ANDREWS CO AIRPORT, TX US",2023-07-31,2018-01-01,61,-102.53,32.331,967.1
GHCND:USC00416737,"O 2 RANCH, TX US",1928-11-30,1914-02-01,61,-103.75,29.85,1153.1
GHCND:USW00000263,"BOERNE STAGE FIELD AIRPORT, TX US",2023-07-31,2018-01-01,60,-98.695,29.724,422.1
GHCND:USC00417708,"ROCKWALL, TX US",1956-02-29,1950-01-01,59,-96.45,32.93333,182.9
GHCND:USC00419709,"WHITE OAK 1 WSW, TX US",2005-11-30,2000-08-01,59,-94.8913,32.5163,96.0
GHCND:USC00416211,"NAVASOTA, TX US",1951-12-31,1915-04-01,59,-96.11667,30.38333,65.8
GHCND:USC00410213,"AMARILLO 7 ENE, TX US",2023-07-27,2018-07-01,59,-101.7092,35.2327,1094.2
GHCND:USC00419717,"WHITSETT, TX US",2023-08-01,1964-10-01,59,-98.2775,28.6314,63.4
GHCND:USC00419649,"WEATHER FORECAST OFFICE BROWNSVILLE, TX US",2023-07-31,2016-05-01,59,-97.4195,25.9162,4.6
GHCND:USC00414767,"KENT 5 E, TX US",1976-04-30,1893-01-01,58,-104.15,31.06667,1275.0
GHCND:USC00417580,"RICARDO, TX US",1975-01-31,1909-01-01,58,-97.81667,27.41667,18.0
GHCND:USC00412816,"ELDORADO 10 W, TX US",2011-09-24,2003-01-01,57,-100.7572,30.8191,743.7
GHCND:USC00415971,"MIRANDO CITY, TX US",1963-11-30,1948-01-01,56,-99.0,27.45,235.0
GHCND:USC00410081,"AGUA NUEVA, TX US",1964-12-31,1940-04-01,56,-98.6,26.9,139.9
GHCND:USW00000471,"PRESIDIO LELY INTERNATIONAL AIRPORT, TX US",2023-07-31,2018-01-01,54,-104.36149,29.63421,896.1
GHCND:USC00412485,"DOG CANYON, TX US",2013-04-14,2008-01-01,54,-104.8333,31.996,1909.6
GHCND:USC00417425,"RANGER, TX US",1952-07-31,1946-01-01,54,-98.68333,32.46667,435.9
GHCND:USW00000230,"AUSTIN EXECUTIVE AIRPORT, TX US",2023-07-31,2018-01-01,54,-97.567,30.395,188.1
GHCND:USC00419503,"WATERS BLUFF, TX US",2008-09-30,2001-11-01,53,-95.13056,32.525,153.6
GHCND:USC00418658,"STOCKDALE 6 N, TX US",2021-01-12,1940-01-01,51,-97.9752,29.3258,161.5
GHCND:USC00418625,"STEPHENVILLE 7 WSW, TX US",1968-11-30,1948-06-01,50,-98.31667,32.16667,442.0
GHCND:USC00410479,"BAKERS CROSSING, TX US",1987-12-31,1981-01-01,50,-101.15,29.95,460.2
GHCND:USC00413998,"HASLET, TX US",2014-02-24,2010-01-01,48,-97.37222,32.98667,229.5
GHCND:USC00412769,"EDNA 3 SW, TX US",1968-02-29,1909-07-01,46,-96.68333,28.95,21.0
GHCND:USC00412247,"DALLAS WFAA, TX US",1951-04-30,1941-11-01,46,-96.78333,32.76667,146.0
GHCND:USC00418624,"STEPHENVILLE 4 N, TX US",1972-11-30,1969-03-01,45,-98.2,32.28333,433.1
GHCND:USC00419435,"WALCOTT, TX US",1976-08-31,1971-06-01,44,-102.98333,34.93333,1253.9
GHCND:USC00411932,"CONCEPCION 3 S, TX US",2001-07-31,1941-05-01,44,-98.38111,27.35833,79.2
GHCND:USC00417264,"PRESIDIO 2, TX US",2015-02-19,2009-01-01,44,-104.3728,29.5599,783.3
GHCND:USC00410947,"BOOTLEG CORNER, TX US",1982-10-31,1976-12-01,44,-102.81667,34.83333,1253.9
GHCND:USC00418995,"THOMPSONS, TX US",1945-12-31,1942-01-01,44,-95.55,29.466667,20.7
GHCND:USC00418445,"SOMERVILLE, TX US",1951-09-30,1908-01-01,43,-96.51667,30.35,75.9
GHCND:USC00419365,"VICTORIA CP AND L, TX US",2010-12-31,1893-01-01,43,-97.01056,28.7875,18.6
GHCND:USW00000177,"CASTROVILLE MUNICIPAL AIRPORT, TX US",2023-07-31,2018-01-01,42,-98.85,29.85,235.0
GHCND:USC00410560,"BATESVILLE, TX US",2010-12-31,1965-06-01,41,-99.62278,28.95667,227.1
GHCND:USW00063904,"TAYLOR MUNICIPAL AIRPORT, TX US",2023-07-31,2019-01-01,41,-97.44319,30.57263,182.9
GHCND:USC00410944,"BOOKER, TX US",2021-12-31,1922-05-01,40,-100.5394,36.4533,838.2
GHCND:USC00410917,"BON WIER, TX US",1988-06-30,1914-01-01,40,-93.65,30.73333,27.1
GHCND:USW00013907,"DALLAS HENSLEY FIELD AFB, TX US",1952-04-20,1949-01-01,39,-96.96667,32.73333,149.0
GHCND:USC00415049,"LANGTRY 2, TX US",1968-08-31,1964-10-01,39,-101.56667,29.8,409.0
GHCND:USW00000270,"FAITH RANCH AIRPORT, TX US",2023-07-31,2018-01-01,38,-100.019,28.209,236.2
GHCND:USC00418450,"SONORA EXPERIMENT ST, TX US",1964-02-29,1959-09-01,38,-100.56667,30.26667,762.9
GHCND:USC00417463,"RAY ROBERTS LAKE, TX US",1988-04-30,1984-04-01,37,-97.05,33.33333,182.9
GHCND:USC00411089,"BROADDUS 1 NE, TX US",2010-12-31,1977-01-01,36,-94.2702,31.305,74.7
GHCND:USC00412744,"EDEN 2, TX US",1986-10-31,1948-06-01,35,-99.85,31.21667,630.9
GHCND:USC00416825,"PASADENA HOUSTON, TX US",1960-01-31,1956-10-01,34,-95.21667,29.71667,9.1
GHCND:USC00417779,"ROSSVILLE, TX US",1926-05-31,1907-01-01,34,-98.68333,29.1,171.0
GHCND:USC00414682,"KAFFIE RANCH, TX US",1971-09-30,1965-01-01,32,-98.58333,27.08333,146.0
GHCND:USC00414708,"KAUFMAN 13 ENE, TX US",2008-10-01,2002-01-01,29,-96.13944,32.61389,153.0
GHCND:USC00412282,"DARROUZETT, TX US",2017-07-31,1941-01-01,29,-100.3318,36.4438,783.9
GHCND:USC00413639,"GORDON 1 SW, TX US",2013-04-30,1991-01-01,28,-98.38139,32.54083,311.2
GHCND:USC00417040,"PINELAND, TX US",2019-05-23,1965-01-01,27,-93.9657,31.2447,67.1
GHCND:USC00414564,"JASPER 2 E, TX US",1952-11-30,1948-01-01,27,-93.96667,30.91667,67.1
GHCND:USC00413325,"FRANKSTON 3 WNW, TX US",1966-10-31,1963-12-01,26,-95.55,32.06667,131.1
GHCND:USC00411043,"BRECKENRIDGE 2 WNW, TX US",1975-03-31,1973-03-01,25,-98.93333,32.76667,406.0
GHCND:USC00417116,"PLEMONS, TX US",1951-08-25,1906-01-01,25,-101.33333,35.76667,854.0
GHCND:USC00416000,"MONAHANS 1 NW, TX US",1953-05-31,1900-02-01,25,-102.9,31.6,801.9
GHCND:USC00410011,"DALHART 2 SE, TX US",2023-07-28,2021-01-01,24,-102.5028,36.0542,1211.9
GHCND:USC00411370,"CAMP FANNIN, TX US",1946-03-31,1944-03-01,23,-95.183333,32.433333,
GHCND:USC00413776,"GROESBECK 7 SE, TX US",2006-05-01,2003-01-01,22,-96.4825,31.44056,154.8
GHCND:USC00417685,"ROCKDALE, TX US",2016-03-01,1963-03-01,22,-97.0372,30.643,160.9
GHCND:USC00415674,"MAVERICK RANGER STATION, TX US",1965-04-30,1962-01-01,22,-103.5,29.28333,823.9
GHCND:USC00411697,"CHILDRESS 13 NW, TX US",1978-06-30,1975-02-01,22,-100.33333,34.56667,522.1
GHCND:USC00417299,"PROVIDENT CITY, TX US",1966-08-31,1944-01-01,22,-96.63333,29.28333,46.0
GHCND:USC00417957,"SAN BERNARD W L REFU, TX US",1987-12-31,1984-11-01,21,-95.58333,28.91667,3.7
GHCND:USC00415249,"LIPSCOMB NEAR SOIL CONSERVATION SERVICE NUMBER 20, TX US",1942-10-31,1941-01-01,21,-100.35,36.283333,
GHCND:USC00418852,"TASCOSA, TX US",1984-07-31,1941-01-01,20,-102.3,35.56667,1040.0
GHCND:USC00418648,"STINNETT 1, TX US",1944-02-29,1929-02-01,20,-101.45,35.816667,967.7
GHCND:USC00415101,"LAZY H RANCH, TX US",2015-11-01,2009-06-01,20,-101.06833,32.46694,662.9
GHCND:USC00411397,"CAMP WALLACE, TX US",1943-10-31,1941-12-01,20,-95.033333,29.383333,5.2
GHCND:USC00418647,"STINNETT, TX US",1944-02-29,1929-02-01,19,-101.45,35.83333,954.0
GHCND:USC00412364,"DEL RIO 4 SW, TX US",1989-12-29,1923-01-01,19,-100.92972,29.33167,264.9
GHCND:USC00415492,"MAGNET, TX US",1943-08-31,1942-01-01,18,-96.033333,29.133333,22.3
GHCND:USW00013955,"KILEEN FORT HOOD S ARMY AIR FIELD, TX US",1952-04-09,1949-01-01,18,-97.71667,31.15,281.9
GHCND:USC00418126,"SCHULENBURG, TX US",2022-07-31,1926-01-01,18,-96.8563,29.6825,88.4
GHCND:USC00411441,"CAPROCK CANYON STATE PARK, TX US",2023-08-01,2022-01-01,18,-101.0684,34.41253,807.1
GHCND:USC00411650,"CHANNING 11 NE, TX US",1991-07-31,1990-01-01,17,-102.15,35.76667,1135.4
GHCND:USC00412228,"DALLAS ARBORETUM, TX US",1990-07-31,1989-01-01,16,-96.71667,32.81667,150.9
GHCND:USC00412879,"EL SAUZ, TX US",2006-05-01,2004-02-01,16,-98.8708,26.5747,62.2
GHCND:USC00410183,"ALTA LOMA, TX US",1945-07-31,1944-01-01,16,-95.066667,29.383333,4.3
GHCND:USC00415590,"MARFA MUNICIPAL AIRPORT, TX US",2023-07-31,2022-01-01,16,-104.01667,30.37139,1478.0
GHCND:USC00416130,"MUENSTER, TX US",2018-07-31,1941-03-01,15,-97.3769,33.6563,315.8
GHCND:USC00419329,"VEGA SOIL CONSERVATION SERVICE 101 2 46, TX US",1942-12-31,1941-02-01,15,-102.43333,35.25,1225.9
GHCND:USC00410058,"DALLAS ADDISON AIRPORT, TX US",2023-07-30,2021-03-18,14,-96.83639,32.96861,196.3
GHCND:USW00053970,"MESQUITE METRO AIRPORT, TX US",2023-07-30,2021-03-18,14,-96.53056,32.74694,136.2
GHCND:USW00093937,"SULPHUR SPRINGS MUNICIPAL AIRPORT, TX US",2023-07-30,2021-03-18,14,-95.61667,33.16667,149.0
GHCND:USC00415955,"MINEOLA 2, TX US",1966-08-31,1965-01-01,14,-95.48333,32.66667,125.0
GHCND:USW00000229,"LAMPASAS AIRPORT, TX US",2023-07-30,2021-03-18,14,-98.196,31.106,370.0
GHCND:USW00000357,"HAMILTON MUNICIPAL AIRPORT, TX US",2023-07-30,2021-03-18,14,-98.149,31.666,396.2
GHCND:USW00003985,"DALLAS FORT WORTH SPINKS AIRPORT, TX US",2023-07-30,2021-03-18,14,-97.30806,32.565,213.4
GHCND:USC00416495,"OAK CREEK LAKE, TX US",2021-02-15,1962-04-01,14,-100.2776,32.04203,613.6
GHCND:USW00053984,"GRAND PRAIRIE MUNICIPAL AIRPORT, TX US",2023-07-30,2021-03-18,14,-97.04667,32.69861,179.5
GHCND:USC00412350,"DE LEON 5 SW, TX US",2011-04-01,1992-01-01,13,-98.6058,32.0783,374.3
GHCND:USC00412206,"CYPRESS, TX US",2019-04-30,1943-01-01,13,-95.7069,30.021,45.7
GHCND:USC00417711,"ROCKSPRINGS 5 W, TX US",1956-06-30,1955-03-01,13,-100.3,30.01667,729.1
GHCND:USW00093903,"FORT WORTH EAGLE MOUNT LK MCAS, TX US",1946-03-31,1945-01-01,12,-97.48333,32.98333,232.0
GHCND:USC00412518,"DONNA, TX US",2006-03-18,2005-03-01,12,-98.07861,26.17278,23.5
GHCND:USC00415412,"LUBBOCK 2, TX US",1939-05-31,1938-01-01,12,-101.88333,33.58333,982.1
GHCND:USW00000461,"MEXIA LIMESTONE CO AIRPORT, TX US",2023-07-30,2021-03-18,12,-96.51445,31.64117,166.1
GHCND:USC00417195,"PORTLAND, TX US",2021-09-02,2014-01-01,11,-97.31643,27.87652,9.1
GHCND:USW00053975,"LANCASTER AIRPORT, TX US",2023-07-30,2021-03-18,11,-96.71917,32.57917,152.7
GHCND:USC00413995,"HASKELL SOIL CONSERVATION SERVICE, TX US",1948-08-31,1943-05-01,11,-99.61667,33.06667,473.0
GHCND:USC00411542,"CEDAR CREEK 6 SW, TX US",2018-10-31,2017-01-01,11,-97.55767,30.02253,166.1
GHCND:USW00012974,"ORANGE GROVE, TX US",1997-12-20,1996-09-01,11,-98.04252,27.89469,71.0
GHCND:USC00416434,"GEORGETOWN LAKE, TX US",1981-06-30,1980-07-01,11,-97.7208,30.6763,266.4
GHCND:USC00413080,"FARMERSVILLE, TX US",2009-05-01,1946-01-01,11,-96.29333,33.14139,191.4
GHCND:USC00416497,"OAKWOOD 7 NW, TX US",1981-11-30,1980-01-01,10,-95.91667,31.66667,102.1
GHCND:USC00413444,"GARCIASVILLE 2 ESE, TX US",2005-06-30,2004-01-01,10,-98.6777,26.323,53.3
GHCND:USW00000176,"STEPHENS CO AIRPORT, TX US",2023-07-30,2021-03-18,10,-98.892,32.717,391.1
GHCND:USC00418050,"SANTA ANA NWR, TX US",2006-05-31,2005-03-01,9,-98.1352,26.0825,19.8
GHCND:USC00418939,"TESCO, TX US",1971-12-31,1944-01-01,8,-100.25,32.5,609.9
GHCND:USC00415630,"MARYNEAL 4 SW, TX US",2005-07-31,2004-11-01,7,-100.5,32.20139,783.3
GHCND:USC00412587,"DRISCOLL, TX US",2013-02-10,2012-01-01,7,-97.75222,27.67222,19.2
GHCND:USC00412180,"CUMBY, TX US",2023-08-01,2010-12-31,6,-95.8433,33.1551,189.0
GHCND:USC00410427,"AUSTIN WATER TREATMENT PLANT, TX US",1997-07-31,1996-09-01,6,-97.65361,30.28056,152.4
GHCND:USC00411926,"COMSTOCK 11 WNW, TX US",1993-01-31,1992-01-01,6,-101.35,29.7,384.0
GHCND:USC00418154,"SEAGRAVES, TX US",1981-02-28,1980-03-01,6,-102.56667,32.95,1047.9
GHCND:USC00419935,"QUANAH 2 SW, TX US",1979-05-31,1978-12-01,6,-99.75778,34.27611,488.3
GHCND:USC00417938,"SAN ANGELO 15 WNW, TX US",2007-03-31,2006-07-01,5,-100.69806,31.49194,661.7
GHCND:USC00417586,"RICHARDS, TX US",2013-07-31,1954-06-01,5,-95.8458,30.5381,96.0
GHCND:USC00414674,"JUNO 10 NNE, TX US",1978-04-30,1975-10-01,5,-101.08333,30.28333,641.0
GHCND:USC00419730,"WICHITA VALLEY FARM, TX US",1972-08-31,1939-04-01,5,-98.58333,33.93333,292.9
GHCND:USC00410600,"BEAR MOUNTAIN, TX US",2013-03-03,2011-01-01,4,-103.36722,29.55694,973.5
GHCND:USC00414020,"HAWKINS, TX US",2022-11-30,1924-01-01,4,-95.2034,32.5781,102.1
GHCND:USC00410826,"BLACKWELL, TX US",1942-08-31,1936-08-01,4,-100.3,32.1,655.9
GHCND:USC00419013,"THROCKMORTON 8 NNW, TX US",1964-02-29,1960-01-01,4,-99.21667,33.3,
GHCND:USC00415284,"LOCKHART, TX US",2010-12-31,1940-10-01,4,-97.69167,29.88583,166.7
GHCND:USC00416280,"NEW CANEY 2 E, TX US",2017-12-05,1952-01-01,3,-95.1783,30.1374,71.6
GHCND:USC00414934,"LA VERNIA, TX US",1950-05-05,1941-08-01,3,-98.1,29.36667,146.0
GHCND:USC00419004,"THORNTON 1 SSE, TX US",2018-01-31,1944-01-01,3,-96.5655,31.3916,144.8
GHCND:USC00412678,"EAGLE MOUNTAIN LAKE, TX US",1975-04-30,1940-07-01,3,-97.46667,32.88333,207.0
GHCND:USC00412620,"DUMAS NEAR SOIL CONSERVATION SERVICE NUMBER 34, TX US",1942-12-31,1941-01-01,3,-102.116667,35.9,
GHCND:USC00419732,"WICHITA VALLEY 55, TX US",1954-03-31,1939-01-01,3,-98.61667,33.93333,302.1
GHCND:USC00415351,"LOOP, TX US",2010-12-31,1941-01-01,2,-102.41667,32.9,989.1
GHCND:USC00415854,"MERRILL RANCH, TX US",1967-12-31,1939-01-01,2,-104.05,30.53333,1667.9
GHCND:USC00411632,"CHAMBERS HILL GUARD, TX US",1952-03-31,1942-07-01,2,-93.83333,31.46667,107.0
GHCND:USC00419122,"TRENT, TX US",2006-08-31,1940-07-01,2,-100.11972,32.49056,582.2
GHCND:USC00413994,"HASKELL 6 NW, TX US",1963-07-31,1941-01-01,2,-99.8,33.23333,519.1
GHCND:USC00412593,"DRYDEN 10 NE, TX US",2016-03-01,1937-01-01,2,-101.83333,30.2,694.9
GHCND:USC00417678,"ROBY, TX US",1975-06-30,1893-01-01,2,-100.38333,32.73333,604.1
GHCND:USC00412128,"CROSS PLAINS, TX US",1976-09-30,1939-04-01,2,-99.16667,32.11667,531.0
GHCND:USC00410828,"BLACKWELL, TX US",2014-01-21,2008-07-01,2,-100.3252,32.0919,640.7
GHCND:USC00414575,"JEDDO 3 S, TX US",2017-12-31,1940-01-01,1,-97.3163,29.7663,126.5
GHCND:USC00410190,"ALTO 5 SW, TX US",2010-12-31,1941-09-01,1,-95.13417,31.60944,85.3
GHCND:USC00413605,"GOLD, TX US",2023-05-31,1948-03-01,1,-98.6861,30.3481,499.9
GHCND:USC00417581,"RICE, TX US",1956-10-31,1940-01-01,1,-96.5,32.26667,134.1
GHCND:USC00416694,"ORSON RANCH, TX US",1948-12-24,1941-01-01,1,-101.68333,32.75,808.0
GHCND:USC00418382,"SLOAN, TX US",1975-10-31,1935-01-01,1,-98.91667,31.15,396.8
GHCND:USC00410246,"ANDICE 2 SW, TX US",2023-01-31,1968-02-01,1,-97.8615,30.7579,326.7
GHCND:USC00414745,"KEMPNER, TX US",1987-01-31,1963-05-01,1,-98.0,31.08333,281.9
GHCND:USC00416722,"OVERTON, TX US",1987-10-31,1943-12-01,1,-94.98333,32.26667,152.4
GHCND:USC00419015,"GORDON 1 SW, TX US",1991-02-28,1910-07-01,1,-98.38139,32.54083,311.2
GHCND:USC00416836,"PATRICIA, TX US",1944-11-30,1941-01-01,1,-102.11667,32.55,915.0
GHCND:USC00419169,"TUCO STATION, TX US",1952-10-31,1946-12-01,1,-101.85,33.88333,1022.0
GHCND:USC00414440,"INDIAN GAP, TX US",1983-10-31,1943-09-01,1,-98.41667,31.66667,480.1
